Time_Step,Position_X,Twist_Linear_X,Twist_Linear_Y,Throttle_PWM,Twist_Angular_Z,Steer_PWM
0,-3.2442497460333293,0.7282667948594582,0.365648984072961,1570,0.9095219114428204,1780
1,-3.2442497460333293,0.7282667948594582,0.365648984072961,1570,0.9095219114428204,1780
2,-3.2541754593224965,0.7888892199215443,0.3245680192391018,1570,0.8979673251664608,1780
3,-3.2562368596334563,0.7889955183257611,0.4344627249885679,1570,0.8979673251664608,1780
4,-3.2492395958562774,0.7972847058378406,0.4074626927203587,1570,0.8979673251664608,1780
5,-3.2345243624067974,0.810642565593251,0.4725731114601771,1570,0.8979673251664608,1780
6,-3.200354711969596,0.810642565593251,0.4568832937326526,1570,0.9308949215793776,1780
7,-3.148913247304047,0.810642565593251,0.4766232468824345,1570,0.940833183504702,1780
8,-3.114330270243133,0.8638972329803515,0.5054151611272745,1569,0.9432301318244108,1780
9,-3.0777114470959464,0.8857207200294557,0.4835113847779761,1570,0.9432301318244108,1780
10,-2.994235749589265,0.8857207200294557,0.5078563194742336,1570,0.9432301318244108,1780
11,-2.896815859771685,0.8718218931489158,0.4591792266855222,1570,0.9577353259688922,1780
12,-2.800225986665572,0.8638972329803515,0.428411597171709,1570,0.9595563393178714,1780
13,-2.7472452361616604,0.8597891805797083,0.4196185431102691,1570,0.9595563393178714,1780
14,-2.663603609219513,0.8518182531494867,0.4469691049504937,1570,0.9620436589165218,1780
15,-2.5758071657717734,0.8406690229549504,0.4326351396361796,1570,0.9595563393178714,1780
16,-2.5230582600208478,0.8312762586134381,0.4348452577884679,1569,0.9620436589165218,1780
17,-2.342752973655014,0.8009865783742962,0.4319196648228869,1570,0.9671755945552348,1780
18,-2.313137479570439,0.7982673553781595,0.4009028654228567,1570,0.9671755945552348,1780
19,-2.2225910064257954,0.7982673553781595,0.4161313590235393,1570,0.9846582356457172,1780
20,-2.133928796281761,0.7849379298712889,0.4293895991597403,1570,0.9846582356457172,1780
21,-2.0220238681391187,0.7839368626970531,0.4016238430749195,1570,0.9846582356457172,1780
22,-1.9408659045691528,0.7839368626970531,0.4138705467441461,1570,0.9846582356457172,1780
23,-1.8868077937597023,0.7839368626970531,0.4011589123127734,1569,0.9969859472642876,1780
24,-1.8236039991441035,0.7913507522866872,0.4693195510822361,1570,0.9846582356457172,1780
25,-1.7219400983825128,0.8153694491353916,0.4601477755502068,1570,0.9969859472642876,1780
26,-1.6462398738198054,0.8153694491353916,0.384718176661257,1570,0.988950327823786,1780
27,-1.5799432377420548,0.8153694491353916,0.4160300563154845,1570,0.9977878536562964,1780
28,-1.5229103821555658,0.8153694491353916,0.4353792792529278,1570,0.988950327823786,1780
29,-1.469722948858777,0.8153694491353916,0.4196521195549736,1569,1.01657526377682,1780
30,-1.4411100806598611,0.8364034441875006,0.4187742572123855,1570,0.988950327823786,1780
31,-1.3827465208136602,0.8543378439289336,0.4370439078380738,1570,1.013662170489216,1780
32,-1.3539974952551257,0.8675169235766418,0.4367042760231351,1570,1.0069717761722798,1780
33,-1.3348013254374866,0.8812189220872985,0.4469681321202251,1570,1.0087304470389409,1780
34,-1.3218968263229731,0.8812189220872985,0.4187430931189196,1570,1.0069717761722798,1780
35,-1.3213701217936926,0.8812189220872985,0.4485939483972472,1570,1.0069717761722798,1780
36,-1.3216082223048504,0.8839096210385076,0.3596302542901324,1570,1.0069717761722798,1780
37,-1.3344644978077127,0.8894107593053057,0.4125548859845414,1570,1.0087304470389409,1780
38,-1.3795938058343995,0.8894107593053057,0.4103931272724651,1570,1.0087304470389409,1780
39,-1.405527825002856,0.8894107593053057,0.4255461418672035,1569,1.0087304470389409,1780
40,-1.4682288849189102,0.8991242193860661,0.4444456848341725,1570,1.0104137539699896,1780
41,-1.525635684008018,0.9084050143340074,0.4333202100533223,1570,1.0161681118915844,1780
42,-1.5678001159218231,0.9084050143340074,0.4074500012155536,1570,1.0290429314006182,1780
43,-1.6150660828887604,0.9194456521913742,0.435242299694281,1570,1.0290429314006182,1780
44,-1.6652982131663223,0.9194456521913742,0.4252080199756554,1570,1.0290429314006182,1780
45,-1.8280659598239708,0.9194456521913742,0.399593756148323,1570,1.0168426824043295,1780
46,-1.9187505828752325,0.9152033556391956,0.4283606481791128,1569,1.0290429314006182,1780
47,-1.979418288102652,0.9152033556391956,0.3852319877810365,1570,1.0168426824043295,1780
48,-2.110965506522091,0.9152033556391956,0.4523032527152105,1569,1.0168426824043295,1780
49,-2.175620534570461,0.9222719842952553,0.3996422182102229,1570,1.0159776554536957,1780
50,-2.2421009912164283,0.9284591070139844,0.402077627818774,1570,1.0168426824043295,1780
51,-2.345373360604732,0.9284591070139844,0.4275776954900531,1570,1.0159776554536957,1780
52,-2.414373043542389,0.9222719842952553,0.4046779917980197,1569,1.0159776554536957,1780
53,-2.5450603057745727,0.9277801201213516,0.3900380584069483,1570,1.0159776554536957,1780
54,-2.641808365884019,0.9209182160129366,0.3868438791799648,1569,1.0159776554536957,1780
55,-2.736547383870544,0.9180017928011432,0.4154609408829434,1570,1.0101891843489017,1780
56,-2.826159929746081,0.9180017928011432,0.3840648744127194,1570,1.0050843326367327,1780
57,-2.908563978897769,0.9209182160129366,0.4422260772171747,1569,1.0024777435635617,1780
58,-2.9846618624456216,0.912774946489022,0.4118958408277798,1570,0.9937471542439964,1780
59,-3.0592763891927293,0.912774946489022,0.3794890396966986,1570,0.9937471542439964,1780
60,-3.1240980580417306,0.912774946489022,0.3879291774120236,1570,0.988904261099075,1780
61,-3.1834103431058294,0.912774946489022,0.3676242892159264,1570,0.988904261099075,1780
62,-3.234235354225563,0.898606976801827,0.2943597615805463,1570,0.9850620338994244,1780
63,-3.2783727288444533,0.898606976801827,0.3120415293273188,1569,0.9816604649905818,1780
64,-3.312275472197164,0.8901035583129939,0.3141715182204038,1570,0.9770953805176832,1780
65,-3.3391449260282005,0.898606976801827,0.339733231302436,1570,0.9816604649905818,1780
66,-3.356743512941932,0.8901035583129939,0.3087037269082545,1570,0.9816604649905818,1780
67,-3.366806882958443,0.8901035583129939,0.2979154296020623,1570,0.9977951090052882,1780
68,-3.351753826987129,0.7913430789715817,0.4205929859521649,1570,0.9832377275611524,1780
69,-3.304766959133458,0.7913430789715817,0.413816854790135,1570,0.990310302040599,1780
70,-3.2818954323505385,0.7913430789715817,0.3640397119935104,1570,0.9977951090052882,1780
71,-3.236420084638812,0.8014052426434507,0.4215770897963656,1570,1.004559395566444,1780
72,-3.1837844389124776,0.8082479853339537,0.4182851985521301,1570,0.9977951090052882,1780
73,-3.144282278270498,0.8331517886379888,0.4139133261796774,1570,0.990310302040599,1780
74,-3.099166043305659,0.8331517886379888,0.4382800576662116,1569,0.990310302040599,1780
75,-3.0032562230932185,0.844773947584479,0.4470637319025052,1569,0.990310302040599,1780
76,-2.9510291329863896,0.8562416667265527,0.4246182874423864,1569,0.9900048041511262,1780
77,-2.816086567630354,0.846690533573316,0.3405674364187801,1570,0.9900048041511262,1780
78,-2.759527884935688,0.8487844840937874,0.3732131336933998,1570,0.9785605673263196,1780
79,-2.6717514098336137,0.8562416667265527,0.3878551029376792,1569,0.9809130557970376,1780
80,-2.6127474432541558,0.8562416667265527,0.3588556834547727,1570,0.980502078232706,1780
81,-2.5141690759003423,0.8487844840937874,0.4122369082881615,1570,0.980502078232706,1780
82,-2.417654217452543,0.8646907961471544,0.3929673202878239,1570,0.9809130557970376,1780
83,-2.3217584936622844,0.8646907961471544,0.4394901768147001,1570,0.9809130557970376,1780
84,-2.2275561323012334,0.8598351029988525,0.4088035252698656,1570,0.980502078232706,1780
85,-2.0427283143945,0.8466984836345197,0.4081713951128008,1570,0.980502078232706,1780
86,-2.0144986286717894,0.8410280184532083,0.5086928172880634,1569,0.980502078232706,1780
87,-1.902626851613474,0.8394046607538417,0.4416774251433549,1569,0.978349269429798,1780
88,-1.8520165363789165,0.8394046607538417,0.4317756352141946,1570,0.978349269429798,1780
89,-1.7802601984782944,0.8394046607538417,0.4518663245195943,1570,0.9748291834189527,1780
90,-1.7323377110841751,0.8362009558960657,0.431136300584843,1570,0.9748291834189527,1780
91,-1.690618515326487,0.8394765620334608,0.4357646935588782,1569,0.9735649525422204,1780
92,-1.5854930114970098,0.841317390042528,0.4447761004509616,1570,0.9793294550249374,1780
93,-1.5417474080586366,0.841317390042528,0.4339555750163739,1570,0.9793294550249374,1780
94,-1.5210557175185448,0.841317390042528,0.4470746240690119,1570,0.9800818436658694,1780
95,-1.490668816737562,0.841317390042528,0.4087007913690579,1570,0.9800818436658694,1780
96,-1.46684006069067,0.841317390042528,0.4378961533257735,1570,0.9820262277750956,1780
97,-1.4607434965777768,0.8418386632779026,0.3975959653531332,1569,0.9844641469237376,1780
98,-1.4591516603760888,0.8418386632779026,0.4197812623868568,1570,0.992702279429156,1780
99,-1.463403679454186,0.8549246175874187,0.4048297702457752,1570,0.992702279429156,1780
100,-1.472996401484806,0.8549246175874187,0.396420163448206,1570,0.992702279429156,1780
101,-1.4958949515034847,0.8555142016237921,0.4217510991474401,1570,0.992702279429156,1780
102,-1.5683380258789046,0.8555142016237921,0.4315528158049215,1570,0.9844641469237376,1780
103,-1.6005203063669855,0.8641504289985371,0.407582525838421,1570,1.0083281103455055,1780
104,-1.6577585078682202,0.8738845618413528,0.4432686714401891,1570,1.0172936080082322,1780
105,-1.7005488275946163,0.8749878802672262,0.4304884880583239,1570,1.0198739774535888,1780
106,-1.7694605126881362,0.8906328947207793,0.4341237117126971,1570,1.0083281103455055,1780
107,-1.8195362477115111,0.9004145921559963,0.4186902551657753,1570,1.0198739774535888,1780
108,-1.955287125527448,0.9054567445458204,0.4083701308391163,1570,1.0083281103455055,1780
109,-2.046487627788929,0.9054567445458204,0.4285092853336688,1570,1.0198739774535888,1780
110,-2.140722612483544,0.9054567445458204,0.4238030818595008,1570,1.0198739774535888,1780
111,-2.2038724006792654,0.9203313279099412,0.4165076629076814,1570,1.0063210717317903,1780
112,-2.3008089755171217,0.9199711340998054,0.4278389615805141,1570,1.0063210717317903,1780
113,-2.4717643059238106,0.9199711340998054,0.4174995184001231,1570,1.0063865829699763,1780
114,-2.53726571253142,0.9199711340998054,0.3524215223075151,1570,1.0063210717317903,1780
115,-2.604945151219478,0.9199711340998054,0.3916928393162071,1570,1.0063210717317903,1780
116,-2.7365327082501327,0.9199711340998054,0.414066648207854,1570,1.0063210717317903,1780
117,-2.831464447650885,0.9370407018172756,0.3989910222917455,1569,0.997600545038095,1780
118,-2.8947115465489586,0.9307413481802008,0.3812717782476501,1570,1.00014977935398,1780
119,-2.9858407994594467,0.9307413481802008,0.3851109196194229,1570,0.9972984933486062,1780
120,-3.0717970232792378,0.9307413481802008,0.3662774173221007,1570,0.9968714578088044,1780
121,-3.171701553651905,0.9200782194821094,0.4024559684836297,1570,0.9968714578088044,1780
122,-3.2433176322792585,0.9200782194821094,0.3433869362327868,1569,0.99577392619225,1780
123,-3.2433176322792585,0.9188391736193194,0.3433869362327868,1570,0.99577392619225,1780
124,-3.305731997274059,0.9188391736193194,0.3709294425291604,1570,0.9994436451442972,1780
125,-3.36240660112965,0.918093363746738,0.3468545114114555,1570,0.9967284042964442,1780
126,-3.427502851118924,0.9146370296582162,0.337266461584117,1570,0.9967284042964442,1780
127,-3.465702640008142,0.9146370296582162,0.3271315334518809,1570,0.9967284042964442,1780
128,-3.4962390359270503,0.912362267513024,0.3029502321936544,1570,0.9900498668574544,1780
129,-3.5018418549024872,0.8506533455952074,0.3883507385276509,1570,0.9967284042964442,1780
130,-3.5097514870604325,0.8506533455952074,0.3534007463781629,1570,0.9900498668574544,1780
131,-3.4987593384263183,0.8349621775243151,0.4210791200458201,1569,0.9900498668574544,1780
132,-3.4891047272487987,0.8349621775243151,0.3675141168607585,1570,0.9826669285408436,1780
133,-3.453568198919378,0.8286449505429317,0.4233403947629371,1569,0.9826669285408436,1780
134,-3.418376368114121,0.8286449505429317,0.3945355777969791,1569,0.9826669285408436,1780
135,-3.3171284468729016,0.8286449505429317,0.4343979993962027,1570,0.9826669285408436,1780
136,-3.2752484728913798,0.8394821427908237,0.4229295163176653,1570,0.9826669285408436,1780
137,-3.208248761610589,0.8394821427908237,0.4313493350447478,1570,0.9818148925753706,1780
138,-3.158506743588205,0.8438319346108498,0.4473858864766289,1570,0.9802616436841612,1780
139,-3.08014382605005,0.8438319346108498,0.4544356528078184,1570,0.9818148925753706,1780
140,-2.999895050925346,0.8394821427908237,0.4055031555748875,1570,0.993642728315799,1780
141,-2.886751838021744,0.8514548310297135,0.3557193024411607,1570,0.9802616436841612,1780
142,-2.7978993135093644,0.8629224490284836,0.4112645480732831,1570,0.993642728315799,1780
143,-2.7018803233292767,0.8704200080291423,0.4045694838906055,1570,0.993642728315799,1780
144,-2.639712260488785,0.8704200080291423,0.3740190748450635,1569,0.9972313414498164,1780
145,-2.5068541355654657,0.8704200080291423,0.4573657022000717,1570,0.9972313414498164,1780
146,-2.444220632931948,0.8626070029275666,0.3978308872077006,1570,0.9976988225199784,1780
147,-2.3512094791123883,0.8626070029275666,0.4053293429586664,1570,0.9995893437188184,1780
148,-2.22995938352694,0.8546268730748281,0.4315792095247203,1570,1.007890646813371,1780
149,-2.136601389301487,0.8546268730748281,0.3929489837674041,1570,1.007890646813371,1780
150,-2.080540965325289,0.8944338176624085,0.3958590260072495,1570,1.007890646813371,1780
151,-2.023768721170974,0.8944338176624085,0.4423558421255364,1570,0.9995893437188184,1780
152,-1.9697437207560344,0.8697138122471658,0.415632267766521,1570,1.0111905343156755,1780
153,-1.8734868193391243,0.8697138122471658,0.4391201662561507,1570,1.0111905343156755,1780
154,-1.8296643853946053,0.8618231879546493,0.4242279036793499,1569,0.989170200885734,1780
155,-1.7545237767012305,0.8618231879546493,0.4927402832215158,1569,0.989170200885734,1780
156,-1.6692455301396327,0.8618231879546493,0.4781789762393539,1570,0.989170200885734,1780
157,-1.6593828501166104,0.8586536139737064,0.4720648671026416,1570,0.9857568686878766,1780
158,-1.6253489006142074,0.8586536139737064,0.4554466368778623,1569,0.989170200885734,1780
159,-1.614924434756864,0.8586536139737064,0.4400422059974769,1570,0.989170200885734,1780
160,-1.600894890821883,0.8586536139737064,0.3859006969399678,1570,0.9924111042894992,1780
161,-1.5989502963836757,0.8586536139737064,0.380525948001119,1569,0.9927290356863444,1780
162,-1.6020991354084564,0.8695023085931359,0.4319485668460277,1570,0.9924111042894992,1780
163,-1.6241792919310447,0.8695023085931359,0.3925602417650985,1569,0.9927290356863444,1780
164,-1.6518988490644224,0.8695023085931359,0.4029081835062823,1570,0.9973893141007526,1780
165,-1.68867673550266,0.8695023085931359,0.4022676392962978,1570,0.9973893141007526,1780
166,-1.7184945029795624,0.8710498599137719,0.3957860347883296,1569,1.003830003757603,1780
167,-1.754070181653416,0.8710498599137719,0.4236362661183371,1569,1.003830003757603,1780
168,-1.8131172947924048,0.8812880868323186,0.4274564784351319,1570,1.003830003757603,1780
169,-1.904923482048294,0.8825538971830293,0.4606481260023645,1570,1.0042848034500698,1780
170,-1.9555396387028168,0.8815905550359944,0.4355411776063766,1570,1.003830003757603,1780
171,-2.0350334624499826,0.8815905550359944,0.4268676414797694,1570,1.003830003757603,1780
172,-2.1224631235253915,0.8825538971830293,0.4586306398956219,1570,1.0042848034500698,1780
173,-2.2149553173029783,0.911037634447712,0.4420110763906458,1570,1.0084797702078976,1780
174,-2.3743488259763423,0.9120810590473808,0.4130057443155303,1569,1.0048712855035835,1780
175,-2.473973494148382,0.9162400394938492,0.4338319675068476,1570,1.0048712855035835,1780
176,-2.5760182605138127,0.9301225327844048,0.4042904701290079,1569,1.0048712855035835,1780
177,-2.643735232351392,0.9423322074082088,0.4118402986086903,1569,1.0048712855035835,1780
178,-2.745786898533777,0.9423322074082088,0.3784424731936677,1570,1.0048712855035835,1780
179,-2.8467372748586253,0.9457500425050476,0.3838887337243151,1569,0.9991941070769664,1780
180,-2.977862768146176,0.9488344594028606,0.4185846923847772,1570,0.9991941070769664,1780
181,-3.0416104900335657,0.9457500425050476,0.3696638092256113,1570,0.9991267581447312,1780
182,-3.1038791902567437,0.9376791009452308,0.3544564921110067,1570,0.9991267581447312,1780
183,-3.2133658674023624,0.9139280892922128,0.4049682577397403,1570,0.995458492571392,1780
184,-3.291585608092977,0.891954647262735,0.3729497834355252,1570,0.995458492571392,1780
185,-3.3607692731934,0.8805247356602826,0.333361447965768,1570,0.9954037350515648,1780
186,-3.4260112426734537,0.891954647262735,0.3235027261833377,1570,1.0010426122709593,1780
187,-3.4833131967702005,0.891954647262735,0.3202403007116176,1570,0.9796764186704656,1780
188,-3.5310771919962605,0.8923579288328926,0.414682062998727,1570,1.0010426122709593,1780
189,-3.5580403274862595,0.8924567926830111,0.3464185684014672,1570,0.9796764186704656,1780
190,-3.6020929203941403,0.8941804098382853,0.3701787470713096,1569,0.9796764186704656,1780
191,-3.616911435296643,0.8924567926830111,0.357335903060045,1570,0.9796764186704656,1780
192,-3.6320872552046857,0.8923579288328926,0.3645324557934589,1570,0.9897910445121813,1780
193,-3.632870681004036,0.8790767348696249,0.4063301205436598,1570,0.978571580357702,1780
194,-3.621255450658819,0.8650290614912363,0.3759028402249243,1569,0.9897910445121813,1780
195,-3.611795270585185,0.8128257632875109,0.4178475587656484,1570,0.9795274717084458,1780
196,-3.57514397908595,0.8128257632875109,0.4013073598465709,1570,0.9897910445121813,1780
197,-3.550441250781302,0.8128257632875109,0.3858498391478923,1570,0.9897910445121813,1780
198,-3.486573225437893,0.8182285252700315,0.4396240907268873,1570,0.9904263149946372,1780
199,-3.430035867605175,0.8361459002894394,0.4265006234587177,1570,0.9795274717084458,1780
200,-3.408713424692432,0.8407180480190877,0.4015074070916385,1570,0.9809813033344597,1780
201,-3.2943079053653723,0.8390254409286565,0.4519096443720851,1570,0.9809813033344597,1780
202,-3.2706265148773994,0.8468921777512467,0.3656677804317255,1570,0.9837232689016028,1780
203,-3.164674438631876,0.8456432550656893,0.4426262431074614,1569,0.9809813033344597,1780
204,-3.080426449945268,0.8468921777512467,0.4194370779861042,1570,0.9809813033344597,1780
205,-3.0247365470835628,0.8468921777512467,0.3680908713801584,1570,0.9774283069388626,1780
206,-2.902860917744311,0.8468921777512467,0.4196778548153775,1570,0.9774283069388626,1780
207,-2.747436104730094,0.8456432550656893,0.3809623385191297,1570,0.9774283069388626,1780
208,-2.655160789432642,0.8363425690743216,0.4246698877907867,1570,0.9757633729622636,1780
209,-2.5934856214048585,0.8313524863961499,0.3933626098479411,1569,0.9757633729622636,1780
210,-2.501658906859823,0.8313524863961499,0.4139166526390735,1570,0.9774283069388626,1780
211,-2.412537692013492,0.8313524863961499,0.3987669523089288,1569,0.988004642148804,1780
212,-2.382984346347096,0.8313524863961499,0.3253479286862525,1570,0.9930168298008568,1780
213,-2.297910889726854,0.8482202615517125,0.4015364649013332,1570,0.9930168298008568,1780
214,-2.185696134898945,0.8539856883451515,0.4097462186546447,1569,0.9896432325925366,1780
215,-2.0370702264336717,0.8539856883451515,0.4121783138743911,1570,0.9930168298008568,1780
216,-1.991859249214775,0.858686106887061,0.3785738115931206,1570,0.9896432325925366,1780
217,-1.9278520956558844,0.8657922045556377,0.4005299209802661,1570,0.9896432325925366,1780
218,-1.8907398686865375,0.8657922045556377,0.4063339605041012,1570,0.9896432325925366,1780
219,-1.857653564681775,0.8657922045556377,0.4129902343889142,1569,0.9896432325925366,1780
220,-1.8033512116087176,0.8541948941054228,0.4373414644658047,1569,0.9896432325925366,1780
221,-1.7742530936385763,0.8541948941054228,0.4387013261133287,1570,0.989026946215235,1780
222,-1.760264794724371,0.8541948941054228,0.4348149724309529,1569,0.989026946215235,1780
223,-1.7469616082297204,0.8674900316747018,0.3911183914679754,1570,0.9803611237174008,1780
224,-1.7362033354326212,0.8674900316747018,0.3567246323570149,1570,0.9803611237174008,1780
225,-1.7450814488989712,0.8836167529003696,0.4209273322843462,1569,1.0052264431711877,1780
226,-1.7634152434466628,0.8872836231071897,0.4168645451344631,1570,0.996173404514982,1780
227,-1.7809983321471623,0.8872836231071897,0.4107260721385625,1570,1.0052264431711877,1780
228,-1.801434732378174,0.8980306155518776,0.3909641757988075,1570,1.0052264431711877,1780
229,-1.8405829119730668,0.8992331394964248,0.4139020089516211,1570,0.996173404514982,1780
230,-1.894090501623905,0.9068500141293546,0.4679686555788429,1570,1.0052264431711877,1780
231,-1.9336652931276972,0.9068500141293546,0.4391468347397102,1570,1.0199074293567183,1780
232,-2.0749716732284877,0.9108702510744652,0.457011697338512,1570,1.0167050395774189,1780
233,-2.124345454760659,0.9129322745834972,0.3950309156235668,1570,1.0167050395774189,1780
234,-2.2073963062588797,0.9277386509052876,0.4291406925226899,1570,1.0167050395774189,1780
235,-2.3270194755726483,0.9215359130999414,0.4517246947910482,1570,1.0167050395774189,1780
236,-2.3895487561938484,0.9215359130999414,0.4134153636210855,1570,1.0207192380915753,1780
237,-2.453799473222658,0.9215359130999414,0.4221256914656058,1570,1.0167050395774189,1780
238,-2.547373849279282,0.9336354769650684,0.3743475164648541,1570,1.0167050395774189,1780
239,-2.711973942221284,0.9299638615410474,0.3880906938283897,1569,1.0165863713417225,1780
240,-2.814392070089811,0.9299638615410474,0.4134833008481647,1569,1.020592922493479,1780
241,-2.9152128914897477,0.9299638615410474,0.3997338665893577,1570,1.0165863713417225,1780
242,-2.979242059278256,0.9246011577523726,0.4063236175031994,1570,1.0165863713417225,1780
243,-3.075948198768896,0.9205443869712988,0.3854271945882395,1570,1.0110466297490637,1780
244,-3.169879670755507,0.913714246760804,0.3802883766993675,1569,1.0110466297490637,1780
245,-3.2292529164608825,0.913714246760804,0.366300842447591,1570,1.0067407281039529,1780
246,-3.3119448499208874,0.9106809604382584,0.4073726650814669,1570,1.0061960668730894,1780
247,-3.389321078381359,0.8866041149211957,0.3754856663304053,1570,0.9995416993710337,1780
248,-3.4819275549578466,0.8818337564141633,0.3790803705722498,1570,0.987900629621544,1780
249,-3.561659925882157,0.8695161371551763,0.3938662480900952,1570,0.987900629621544,1780
250,-3.595455456487231,0.8682239341482659,0.3841419702185067,1570,0.9843875871333384,1780
251,-3.654184258409042,0.8679053677477853,0.3927096450854806,1570,0.9838772252864788,1780
252,-3.689008461953279,0.862325117256854,0.3723661363380404,1570,0.9843875871333384,1780
253,-3.71153562371242,0.8577852506258457,0.400426746903762,1570,0.9843875871333384,1780
254,-3.7225370415974255,0.8560165852930457,0.3686945895516654,1570,0.9754136672412546,1780
255,-3.7351038925098288,0.851169522197534,0.3743371054039544,1570,0.9843875871333384,1780
256,-3.7321651313958193,0.849249918006724,0.374798464132584,1570,0.9674885725320872,1780
257,-3.7194083570474414,0.8299261469259773,0.3722057557456337,1570,0.9674885725320872,1780
258,-3.706142375091245,0.8299261469259773,0.364843489200915,1569,0.9674885725320872,1780
259,-3.680921051981042,0.8299261469259773,0.3572798025524161,1570,0.9674885725320872,1780
260,-3.6436214988920415,0.8329610425746607,0.3987513820840321,1569,0.9649391318087284,1780
261,-3.6154089661823177,0.8366690916987611,0.3660278682184118,1570,0.9649391318087284,1780
262,-3.544152316614652,0.8413805244789067,0.4266776619521504,1569,0.9644506533418052,1780
263,-3.483249188517903,0.8450367790803643,0.4047429632448906,1569,0.9649391318087284,1780
264,-3.3856578507504693,0.8450367790803643,0.3890089003453977,1569,0.9649391318087284,1780
265,-3.307438423739207,0.8453204238055921,0.4290306844195935,1570,0.973161212739271,1780
266,-3.2249047026058744,0.8608249581696772,0.4361415682100835,1570,0.9649391318087284,1780
267,-3.142498822047457,0.8608249581696772,0.3512014649525046,1570,0.973161212739271,1780
268,-3.0517925908308614,0.8608249581696772,0.3976715035308986,1570,0.973161212739271,1780
269,-2.991915314988755,0.8692331423650256,0.4055237407972981,1570,0.9799067747869862,1780
270,-2.8980198236564414,0.8608249581696772,0.4182018056197584,1570,0.9799067747869862,1780
271,-2.8350047271168792,0.8692331423650256,0.3723188883816988,1570,0.9799067747869862,1780
272,-2.707325711949122,0.8653998912472021,0.4159608069962756,1569,0.9683097656327369,1780
273,-2.642905586925548,0.8727977791090072,0.3892699546756403,1570,0.9929257656716672,1780
274,-2.547805348653554,0.8653998912472021,0.4356672519435505,1570,0.9924561593500806,1780
275,-2.454581791262732,0.8653998912472021,0.4275971847516014,1570,0.9924561593500806,1780
276,-2.3661887602576224,0.8560204429143767,0.4404081234925037,1569,0.9818792216804912,1780
277,-2.312451980118883,0.8242374327147441,0.4197345738897292,1569,0.9924561593500806,1780
278,-2.210598537440194,0.8206346671651987,0.4687626123457103,1569,0.9818792216804912,1780
279,-2.1404708224714697,0.8206346671651987,0.4482207639158815,1570,0.9818792216804912,1780
280,-2.07865313509778,0.8124258145443564,0.4564730756906435,1569,0.9818792216804912,1780
281,-2.0227663213442595,0.8242374327147441,0.4856353540518032,1570,0.9686155722713607,1780
282,-1.977368119917922,0.8365054291232681,0.4939067332413618,1570,0.9683108050638192,1780
283,-1.9324656151866,0.8429674295588664,0.4076924965359647,1569,0.9686155722713607,1780
284,-1.875284305811063,0.871871224243375,0.3608239566116102,1570,0.9686155722713607,1780
285,-1.875284305811063,0.880331930135864,0.3608239566116102,1570,0.9780654394634924,1780
286,-1.8546565272515925,0.880331930135864,0.4512076964905297,1570,0.983334387124032,1780
287,-1.8419234064606145,0.880331930135864,0.4342339172000734,1570,0.980154128477948,1780
288,-1.846585485151768,0.871871224243375,0.443376710593501,1570,0.983334387124032,1780
289,-1.8574757592432507,0.8581269528212887,0.4422888144959173,1570,0.9874039868784336,1780
290,-1.888444012137192,0.8581269528212887,0.4332871401336792,1570,0.9874039868784336,1780
291,-1.9113131770098488,0.8694981068064852,0.4277416464396096,1570,0.9883884809690444,1780
292,-1.9506295028136815,0.8639455492512641,0.4186388482272863,1570,0.9883884809690444,1780
293,-1.9795929766739373,0.8694981068064852,0.3760488785878098,1570,0.9905377292328168,1780
294,-2.095798704048766,0.8694981068064852,0.4410528897655638,1569,0.996226853728069,1780
295,-2.139871716824569,0.8639455492512641,0.3999016531985657,1570,0.996226853728069,1780
296,-2.213495510563834,0.8639455492512641,0.4473673367828479,1570,0.9974401833865888,1780
297,-2.292751841214858,0.8790771159970164,0.4337841969629528,1570,0.996226853728069,1780
298,-2.3501239491894355,0.8957699667575495,0.4016330178475671,1570,0.9974401833865888,1780
299,-2.439367175706489,0.8990379249726217,0.430537893133755,1569,0.9974401833865888,1780
300,-2.532596029737294,0.906072647563126,0.4280153848134085,1570,0.9965681800252636,1775
301,-2.595622885287172,0.906072647563126,0.39671143316635,1570,0.9974401833865888,1780
302,-2.729180525224183,0.9114429078334816,0.4220368430646083,1570,0.9974401833865888,1780
303,-2.8308792926146262,0.9253513074260736,0.4002555291071966,1569,0.9965681800252636,1780
304,-2.929297004365145,0.9253513074260736,0.3710186714902976,1570,1.0029835189889564,1780
305,-2.9622117229349683,0.9253513074260736,0.348596315464352,1570,0.9965681800252636,1780
306,-3.0950077905884865,0.9237294670492726,0.4013872798155039,1570,0.9972964797342312,1780
307,-3.160073088293061,0.9237294670492726,0.3778816280682214,1570,1.0019892521173552,1780
308,-3.2834535876441504,0.9005271573898572,0.4317057753634178,1569,0.9972964797342312,1780
309,-3.3990671544655875,0.8978186344970871,0.3750915511156041,1570,0.9916269724814644,1780
310,-3.480508978888822,0.896275201123287,0.4017030476748046,1569,0.9916269724814644,1780
311,-3.575487586270307,0.896275201123287,0.3895624382747526,1570,0.9866656982771472,1780
312,-3.638790935214369,0.879170613746697,0.3917583177508806,1570,0.9798551973272024,1780
313,-3.69932535675701,0.8772508853041681,0.3775942377611114,1569,0.9798551973272024,1780
314,-3.749452032908232,0.8772508853041681,0.3737821918127818,1570,0.9749308277209802,1780
315,-3.791229020804215,0.879170613746697,0.372717123595478,1570,0.9749308277209802,1780
316,-3.825334621267509,0.8772508853041681,0.3611316902676985,1570,0.9749308277209802,1780
317,-3.844138551241694,0.8772508853041681,0.3279622488925368,1569,0.9749308277209802,1780
318,-3.8640292058668377,0.8749531434092295,0.3931045764766775,1570,0.9644779137057412,1780
319,-3.868121790498415,0.8537855256646892,0.3136759756220312,1570,0.970554971019281,1780
320,-3.872049427727912,0.8491388602364268,0.3606329551355209,1570,0.970554971019281,1780
321,-3.863059495658126,0.8218528272488705,0.3669502657226317,1570,0.9665762552501954,1780
322,-3.831572264315075,0.7919616630843292,0.3863824577402019,1570,0.970554971019281,1780
323,-3.819238317022429,0.7919616630843292,0.4299753055960779,1570,0.970554971019281,1780
324,-3.78345163663852,0.8138064969422751,0.3935212034373375,1570,0.9717378358909864,1780
325,-3.7368030965464336,0.8218528272488705,0.4205258298551178,1570,0.9749339382821204,1780
326,-3.66429336921492,0.8605515316860182,0.4268308477327914,1569,0.9749339382821204,1780
327,-3.594394940116677,0.8741461268439549,0.4736323675597458,1570,0.974397231929233,1780
328,-3.469853832828844,0.8806201012831941,0.4270689883142239,1570,0.978138381200002,1780
329,-3.416582907809529,0.8806201012831941,0.4063657822583825,1570,0.978138381200002,1780
330,-3.360603298448895,0.8821742325788633,0.4093934760281594,1569,0.975926803466476,1780
331,-3.244610473911612,0.8855343639236064,0.4217058044756871,1570,0.975926803466476,1780
332,-3.182054517336282,0.8947926611274587,0.3908196301344628,1570,0.975926803466476,1780
333,-3.0872058643036637,0.9011116421867154,0.4009823107043408,1569,0.978720528122294,1780
334,-3.0233106140842496,0.9011116421867154,0.3940721596549296,1570,0.985290835515832,1780
335,-2.925436428466628,0.8947926611274587,0.3969429985751785,1570,0.985290835515832,1780
336,-2.8297018710842776,0.880338590287752,0.4027413642692704,1570,0.9867850473223112,1780
337,-2.733439878183165,0.880338590287752,0.395048576414596,1570,1.0016869506159582,1780
338,-2.671127084358911,0.880338590287752,0.3866427825393921,1570,0.9867850473223112,1780
339,-2.486702827497301,0.8838472904200353,0.4236552945765777,1570,0.988153755810678,1780
340,-2.3989552206757905,0.8838472904200353,0.4065336099693578,1569,0.988153755810678,1780
341,-2.3710542618480286,0.8838472904200353,0.3804479983620448,1570,1.0016869506159582,1780
342,-2.266907947243708,0.860229441415067,0.4275971272068217,1570,1.0016869506159582,1780
343,-2.2291480382445963,0.7938003337915205,0.4322708468185097,1570,0.988153755810678,1780
344,-2.131864908082417,0.7938003337915205,0.4532498765870378,1570,0.988153755810678,1780
345,-2.0858756271057297,0.7938003337915205,0.4499127213184749,1570,0.988935813530698,1780
346,-2.064267814399685,0.8390833126336967,0.3768620070300999,1570,0.9943856142983288,1780
347,-2.01386613201047,0.8749472637900256,0.4642548901803967,1570,0.9943856142983288,1780
348,-1.9771047082419024,0.919597816846672,0.3902255785579033,1570,0.9943856142983288,1780
349,-1.9568810463306856,0.8958930774035342,0.4457616776109402,1570,0.9943856142983288,1780
350,-1.9422526894304109,0.9085382156933174,0.425314652742513,1570,0.9957624026295994,1780
351,-1.941775180003616,0.8958930774035342,0.4590148331679277,1569,0.9957624026295994,1780
352,-1.9527063180998905,0.9008341281755776,0.4383194917274364,1570,1.0185377094009662,1780
353,-1.96420000601999,0.8958930774035342,0.3918677025174322,1570,0.9966391515036276,1780
354,-1.99127489742018,0.8834241981833353,0.4320456586449505,1570,1.0180817400986888,1780
355,-2.038484409441669,0.8834241981833353,0.4131294762367462,1570,1.0076611951178662,1780
356,-2.0872735312817485,0.887030440539135,0.4338780615583408,1570,1.0163985835944065,1780
357,-2.1235418493113487,0.8834241981833353,0.4045265718703663,1570,1.0076611951178662,1780
358,-2.1865220648830155,0.8821754724703981,0.439211528231593,1569,1.0163985835944065,1780
359,-2.256650287210831,0.887030440539135,0.4379501757147382,1570,1.0076611951178662,1780
360,-2.333284073876361,0.887030440539135,0.4458524405174386,1570,1.0076611951178662,1780
361,-2.3883105783766405,0.8927342774076854,0.4344990025553807,1569,1.0076435690281302,1780
362,-2.567500531153139,0.8955632720256828,0.4429953816338336,1570,1.0011682033410156,1780
363,-2.631234180102913,0.9210666346125256,0.3969120685459534,1569,1.0011682033410156,1780
364,-2.72897128614867,0.9210666346125256,0.4246025324150678,1570,1.0076435690281302,1780
365,-2.828826212067532,0.9214227079924406,0.4186748392183751,1570,1.0011682033410156,1780
366,-2.9292286297404395,0.9214227079924406,0.4449005895130269,1570,1.0076435690281302,1780
367,-2.9975719437141466,0.9468739492798096,0.4014595886459648,1570,1.009054004034094,1780
368,-3.100948553241467,0.9468739492798096,0.4121846579108494,1570,1.009054004034094,1780
369,-3.2029450237512176,0.9468739492798096,0.40542642001279,1570,1.009054004034094,1780
370,-3.265386717907369,0.9220444937043528,0.3538437007125012,1570,0.9978592881974492,1780
371,-3.359656697757349,0.9165831903992124,0.3617283336709123,1570,0.9978592881974492,1780
372,-3.449942377964044,0.895762524202275,0.3809340957600954,1569,0.9950436584143084,1780
373,-3.5334786638212594,0.895762524202275,0.3332342250328318,1570,0.9890416464482082,1780
374,-3.612985874492828,0.8891527275156356,0.3285468586906748,1570,0.9889794132296134,1780
375,-3.682373251546313,0.8891527275156356,0.3628796271408726,1570,0.9890416464482082,1780
376,-3.7480674033019534,0.8815681264935009,0.3343724045666579,1569,0.9846192174420588,1780
377,-3.807989942516484,0.875073460876475,0.3394329680333561,1570,0.9846192174420588,1780
378,-3.85970818950406,0.875073460876475,0.3337411596655723,1570,0.9846192174420588,1780
379,-3.8878704852297874,0.8602477705457916,0.365022511186814,1570,0.9744867344452336,1780
380,-3.9222058790649776,0.8602477705457916,0.3421749452867719,1570,0.9914630693545962,1780
