Position_X,Position_Y,Position_Z,Orientation_X,Orientation_Y,Orientation_Z,Orientation_W,Twist_Linear_X,Twist_Linear_Y,Twist_Linear_Z,Twist_Angular_X,Twist_Angular_Y,Twist_Angular_Z,Steer_PWM,Throttle_PWM
2.839539401041173e-05,-0.0004595454989539403,0.0,0.0,0.0,0.00012952716221702954,0.9999999916113571,0.0007315715909323776,0.000850102807283522,0.0,0.0,0.0,-0.0009054561183845525,1477,1530
-8.190359097697981e-05,-0.0002782407113428108,0.0,0.0,0.0,0.0001024067498779714,0.9999999947564288,-0.0004124052738189307,0.0006782899425685254,0.0,0.0,0.0,-0.00020289155356253226,1477,1530
-8.190359097697981e-05,-0.0002782407113428108,0.0,0.0,0.0,0.0001024067498779714,0.9999999947564288,-0.0004124052738189307,0.0006782899425685254,0.0,0.0,0.0,-0.00020289155356253226,1477,1530
-2.830522019369588e-05,-0.000504164125879805,0.0,0.0,0.0,0.00017765035057408371,0.9999999842201763,0.00026889117486094495,-0.0011344422670743273,0.0,0.0,0.0,0.0007556133680180208,1477,1530
-2.830522019369588e-05,-0.000504164125879805,0.0,0.0,0.0,0.00017765035057408371,0.9999999842201763,0.00026889117486094495,-0.0011344422670743273,0.0,0.0,0.0,0.0007556133680180208,1477,1530
2.1155678646038227e-05,-0.0007262571121389031,0.0,0.0,0.0,0.0001873535577543357,0.9999999824493221,0.0002946735683146419,-0.0013253842640170508,0.0,0.0,0.0,0.00011580250076654969,1477,1530
-7.600128817797421e-07,-0.00037557200448796687,0.0,0.0,0.0,0.00010582571392582541,0.9999999944004592,-0.00010955410388213689,0.001763651562761465,0.0,0.0,0.0,-0.0008200140273753873,1477,1530
-4.645113208044199e-06,-0.000729377246687677,0.0,0.0,0.0,0.00021226231640865064,0.9999999774723543,-2.9654357737265803e-05,-0.002649466159356107,0.0,0.0,0.0,0.0015941021084374175,1477,1530
-4.645113208044199e-06,-0.000729377246687677,0.0,0.0,0.0,0.00021226231640865064,0.9999999774723543,-2.9654357737265803e-05,-0.002649466159356107,0.0,0.0,0.0,0.0015941021084374175,1477,1530
2.118001254369136e-05,-0.0002705483295083357,0.0,0.0,0.0,0.00011426529830762107,0.9999999934717207,0.00019510004422249838,0.0034402656761584223,0.0,0.0,0.0,-0.001469584219326371,1477,1530
-2.7136930437068174e-05,-0.0007349033967503236,0.0,0.0,0.0,0.00023049478988472602,0.9999999734360756,-0.0004843080998851707,-0.004644183201477196,0.0,0.0,0.0,0.002324961856051075,1477,1530
-2.7136930437068174e-05,-0.0007349033967503236,0.0,0.0,0.0,0.00023049478988472602,0.9999999734360756,-0.0004843080998851707,-0.004644183201477196,0.0,0.0,0.0,0.002324961856051075,1477,1530
-7.534514544252748e-05,-0.0008602494663084388,0.0,0.0,0.0,0.0002566273105751898,0.9999999670712112,-0.00036255055707966143,-0.00094137139733037,0.0,0.0,0.0,0.0003925894653058243,1477,1530
-7.534514544252748e-05,-0.0008602494663084388,0.0,0.0,0.0,0.0002566273105751898,0.9999999670712112,-0.00036255055707966143,-0.00094137139733037,0.0,0.0,0.0,0.0003925894653058243,1477,1530
-6.440886524807607e-05,-0.0006922583829146417,0.0,0.0,0.0,0.00019907918220039866,0.9999999801837394,4.6550279158071706e-05,0.0007094369546075701,0.0,0.0,0.0,-0.00048607507882471426,1477,1530
-6.440886524807607e-05,-0.0006922583829146417,0.0,0.0,0.0,0.00019907918220039866,0.9999999801837394,4.6550279158071706e-05,0.0007094369546075701,0.0,0.0,0.0,-0.00048607507882471426,1477,1530
-5.2932180956663134e-05,-0.0002972796737483567,0.0,0.0,0.0,9.139655438476291e-05,0.9999999958233349,7.108868378048489e-05,0.00241347054346686,0.0,0.0,0.0,-0.0013159791852968654,1477,1530
4.896348089913624e-05,-0.0001261584065923973,0.0,0.0,0.0,2.8120761079050424e-05,0.9999999996046114,0.0007631832573975704,0.001281139893469893,0.0,0.0,0.0,-0.0009475615796791782,1477,1530
-0.00013185283645706015,-0.000627494173828921,0.0,0.0,0.0,0.00019744654511431097,0.9999999805074307,-0.0013606539233833124,-0.003771917817009396,0.0,0.0,0.0,0.002547976593263687,1477,1530
-6.546633050611248e-05,-0.0007773465925033578,0.0,0.0,0.0,0.00021277309988107705,0.9999999773638037,0.0006634258388553203,-0.0014991310257596825,0.0,0.0,0.0,0.0003066016201468419,1477,1530
-6.546633050611248e-05,-0.0007773465925033578,0.0,0.0,0.0,0.00021277309988107705,0.9999999773638037,0.0006634258388553203,-0.0014991310257596825,0.0,0.0,0.0,0.0003066016201468419,1477,1530
-1.2449593513557144e-05,-0.0003592071184000761,0.0,0.0,0.0,0.00010065345698278487,0.9999999949344408,0.00031918270151815205,0.0025088166566011615,0.0,0.0,0.0,-0.0013454976220772816,1477,1530
-0.00010558462726375229,-0.0006312177797325323,0.0,0.0,0.0,0.00019005696327002608,0.9999999819391753,-0.0008961849256103499,-0.0026156840611124732,0.0,0.0,0.0,0.001719546225751423,1477,1530
-0.00010558462726375229,-0.0006312177797325323,0.0,0.0,0.0,0.00019005696327002608,0.9999999819391753,-0.0008961849256103499,-0.0026156840611124732,0.0,0.0,0.0,0.001719546225751423,1477,1530
3.568688055218531e-06,-0.0004134001406516317,0.0,0.0,0.0,0.00012187161855568745,0.9999999925736542,0.00047301051775775594,0.000943006922422921,0.0,0.0,0.0,-0.0005905078029948457,1477,1530
-0.00015255442033534566,-0.0005267515465614064,0.0,0.0,0.0,0.00017194189033884302,0.999999985217993,-0.0009343070208297127,-0.0006779952647106047,0.0,0.0,0.0,0.0005991775540927752,1477,1530
-0.00015255442033534566,-0.0005267515465614064,0.0,0.0,0.0,0.00017194189033884302,0.999999985217993,-0.0009343070208297127,-0.0006779952647106047,0.0,0.0,0.0,0.0005991775540927752,1477,1530
-0.0001849945428143666,-0.00042539057947899034,0.0,0.0,0.0,0.00010360951551607592,0.9999999946325341,-0.001040063682923333,0.0032535904201605047,0.0,0.0,0.0,-0.004386325732993,1477,1530
-7.801679718286458e-05,-1.079078291351521e-05,0.0,0.0,0.0,2.3941718176061355e-05,0.999999999713397,0.0006412341287237069,0.0024830211112472755,0.0,0.0,0.0,-0.00095430536266674,1477,1530
3.277461265326279e-05,-0.0005400358049314541,0.0,0.0,0.0,0.00014815387883320756,0.999999989025214,0.0008314335185275485,-0.00397266482878051,0.0,0.0,0.0,0.0018647254734909151,1477,1530
-8.749029505760635e-05,-0.0007840113552307386,0.0,0.0,0.0,0.00023979475705971924,0.9999999712492368,-0.001204202842749336,-0.002441083389180816,0.0,0.0,0.0,0.0018340831144360134,1477,1530
-3.592600037332141e-05,-0.0007630009534579748,0.0,0.0,0.0,0.00019550369225451394,0.999999980889153,0.0003092581617715729,0.0001258375087677551,0.0,0.0,0.0,-0.0005311698388588308,1477,1530
-3.592600037332141e-05,-0.0007630009534579748,0.0,0.0,0.0,0.00019550369225451394,0.999999980889153,0.0003092581617715729,0.0001258375087677551,0.0,0.0,0.0,-0.0005311698388588308,1477,1530
-7.4985198890606805e-06,-0.0006022723351972607,0.0,0.0,0.0,0.00016409522817722856,0.9999999865363779,0.0008598775959499186,0.004850677289092269,0.0,0.0,0.0,-0.0018959022473724904,1477,1530
-4.741090172091092e-05,-0.000553840106603512,0.0,0.0,0.0,0.0001591518666031171,0.9999999873353416,-0.00019943455914280033,0.00024216850379952338,0.0,0.0,0.0,-4.9421755165380485e-05,1477,1530
-0.0001304909967883034,-0.0007117037883629268,0.0,0.0,0.0,0.00023290353995422325,0.9999999728779702,-0.0006231379357545669,-0.0011831344096830442,0.0,0.0,0.0,0.0011056725292413242,1477,1530
-0.0001271266004941228,-0.00022172860817820076,0.0,0.0,0.0,6.967437922659142e-05,0.9999999975727404,5.397986373529984e-05,0.00736193463854962,0.0,0.0,0.0,-0.0049050908887994914,1477,1530
-0.0002070624773483262,-0.000777252223239704,0.0,0.0,0.0,0.00024412076340350733,0.999999970202526,-0.0011969257222092364,-0.00830995932179591,0.0,0.0,0.0,0.005219117284042901,1477,1530
-0.0001586987229491441,-0.0005630167655902997,0.0,0.0,0.0,0.00017278227320005206,0.9999999850731429,0.0003635925949598923,0.0016069421691930958,0.0,0.0,0.0,-0.0010703128444454002,1477,1530
-6.422124052375699e-06,-0.000239300466480286,0.0,0.0,0.0,6.287208767059977e-05,0.9999999980235503,0.001524052192532367,0.003236992653078903,0.0,0.0,0.0,-0.0021984455515394593,1477,1530
-0.00026254841902879856,-0.0007522551348819136,0.0,0.0,0.0,0.0002453947244725308,0.9999999698907142,-0.002555544633993137,-0.005116484533078932,0.0,0.0,0.0,0.0036413857137717956,1477,1530
-5.9342408332088074e-05,-0.0005419403849879741,0.0,0.0,0.0,0.00015162792671669472,0.9999999885044858,0.0030590753446420754,0.003162982699646754,0.0,0.0,0.0,-0.0028217089571419673,1477,1530
7.832629256816575e-05,-0.0007040768873739865,0.0,0.0,0.0,0.0001987746058736807,0.9999999802443278,0.001031282743655628,-0.001215318998610253,0.0,0.0,0.0,0.0007066084134659417,1477,1530
6.268591413788915e-06,-0.0008827669268382065,0.0,0.0,0.0,0.0002480836988073032,0.9999999692272388,-0.00030566260639100035,-0.0007571199443242911,0.0,0.0,0.0,0.0004179179502015531,1477,1530
6.268591413788915e-06,-0.0008827669268382065,0.0,0.0,0.0,0.0002480836988073032,0.9999999692272388,-0.00030566260639100035,-0.0007571199443242911,0.0,0.0,0.0,0.0004179179502015531,1477,1530
-3.064046200146728e-05,-0.001116159232827237,0.0,0.0,0.0,0.00032742723771323336,0.9999999463957006,-0.0003810160178813738,-0.002401609115525861,0.0,0.0,0.0,0.0016330199874131516,1477,1530
-7.781215426691472e-05,-0.00042584327018215255,0.0,0.0,0.0,0.00014844460965630094,0.9999999889820989,-0.0004669114407977269,0.006899258504528355,0.0,0.0,0.0,-0.003577470391194187,1477,1530
-3.49998990627377e-05,-0.000516358876944394,0.0,0.0,0.0,0.00016146821201996374,0.9999999869640082,0.0012833432379447819,-0.00271538778217577,0.0,0.0,0.0,0.0007812833330180697,1477,1530
-0.00012666294769645027,-0.0005133325197134076,0.0,0.0,0.0,0.0001688481895735089,0.9999999857451444,-0.0004581980741371779,1.5276049417575654e-05,0.0,0.0,0.0,7.378170002496977e-05,1477,1530
-1.9608575183107082e-05,-0.00016999047279422745,0.0,0.0,0.0,5.23101180834983e-05,0.9999999986318258,0.0032120578982036707,0.010289401332790674,0.0,0.0,0.0,-0.006985647954723215,1477,1530
5.760248910902296e-05,-0.0004985674545459362,0.0,0.0,0.0,0.0001389464860098056,0.999999990346937,0.0007693357796183501,-0.0032754999979392753,0.0,0.0,0.0,0.0017272691941695672,1477,1530
5.760248910902296e-05,-0.0004985674545459362,0.0,0.0,0.0,0.0001389464860098056,0.999999990346937,0.0007693357796183501,-0.0032754999979392753,0.0,0.0,0.0,0.0017272691941695672,1477,1530
-0.0002282588038890249,-0.0005494390426414085,0.0,0.0,0.0,0.00017830668107947983,0.9999999841033637,-0.0021503931730389443,-0.000382065331896676,0.0,0.0,0.0,0.0005921453209656971,1477,1530
0.00010823568174937211,0.0003320050896580567,0.0,0.0,0.0,-8.501367474954047e-05,0.9999999963863375,0.0020212853490194083,0.005289076329275551,0.0,0.0,0.0,-0.003160520597406829,1477,1530
-8.26640386671229e-05,-0.0008726470261386515,0.0,0.0,0.0,0.00023838322070887403,0.9999999715867196,-0.0014274638360021648,-0.0090177749573864,0.0,0.0,0.0,0.00484163323873734,1477,1530
-0.00017202534078866483,-0.0004454513186279623,0.0,0.0,0.0,0.00014143498200252212,0.9999999899980729,-0.0026971690281304256,0.012924681250827887,0.0,0.0,0.0,-0.005865697019644974,1477,1530
-0.00016676966456551562,-0.0003774679495071461,0.0,0.0,0.0,0.00014627886430939704,0.9999999893012468,3.9518328332824846e-05,0.0005093038637101303,0.0,0.0,0.0,7.257839911570822e-05,1477,1530
-7.455211620964827e-06,-0.0003432485619262656,0.0,0.0,0.0,8.941872110294968e-05,0.9999999960021462,0.000796662119470399,0.00017087243083389398,0.0,0.0,0.0,-0.0005686298672765106,1477,1530
4.66916313104589e-06,-0.0005563521198027197,0.0,0.0,0.0,0.00019724371675672073,0.9999999805474579,0.0001814046117590965,-0.0031985369489506634,0.0,0.0,0.0,0.003236724299962205,1477,1530
4.66916313104589e-06,-0.0005563521198027197,0.0,0.0,0.0,0.00019724371675672073,0.9999999805474579,0.0001814046117590965,-0.0031985369489506634,0.0,0.0,0.0,0.003236724299962205,1477,1530
1.836162787408602e-06,-0.000336085135701279,0.0,0.0,0.0,0.00014457293473711026,0.9999999895493332,-2.7483337179569592e-05,0.0022044664632896917,0.0,0.0,0.0,-0.0010542696137990416,1477,1530
1.7633551381289285e-05,-0.0007398926938976659,0.0,0.0,0.0,0.0002608217289302192,0.9999999659860123,0.0002345819230639983,-0.006041021902397588,0.0,0.0,0.0,0.003478159814042935,1477,1530
1.7633551381289285e-05,-0.0007398926938976659,0.0,0.0,0.0,0.0002608217289302192,0.9999999659860123,0.0,0.0,0.0,0.0,0.0,-4.7097280625148585e-19,1477,1530
1.7633551381289285e-05,-0.0007398926938976659,0.0,0.0,0.0,0.0002608217289302192,0.9999999659860123,0.0,0.0,0.0,0.0,0.0,-3.497115775629373e-19,1477,1530
1.7633551381289285e-05,-0.0007398926938976659,0.0,0.0,0.0,0.0002608217289302192,0.9999999659860123,0.0,0.0,0.0,0.0,0.0,-4.693032083843629e-19,1477,1530
1.7633551381289285e-05,-0.0007398926938976659,0.0,0.0,0.0,0.0002608217289302192,0.9999999659860123,0.0,0.0,0.0,0.0,0.0,-2.3445790330370315e-19,1477,1530
-7.92958838276274e-05,-0.000874407470260807,0.0,0.0,0.0,0.00030097733866736435,0.9999999547063197,-0.0029180707792117897,-0.004045130876254462,0.0,0.0,0.0,0.0024160290793466873,1477,1530
5.869810131258449e-05,-0.0005415733972789945,0.0,0.0,0.0,0.0001759627690877335,0.9999999845185519,0.002039858756212435,0.004911670576699437,0.0,0.0,0.0,-0.0036906305191393624,1477,1530
-5.807373911760109e-07,-0.0003960313621124549,0.0,0.0,0.0,0.0001312237255240354,0.9999999913901669,-0.0004478898876608761,0.0011007727632253003,0.0,0.0,0.0,-0.0006766494109851452,1477,1530
1.351399917565659e-05,-0.0007860650283915587,0.0,0.0,0.0,0.00026600909290031363,0.9999999646195806,8.340112021530846e-05,-0.002324805998463737,0.0,0.0,0.0,0.0016067683490538919,1477,1530
8.362825256096837e-05,-0.0005718870701268001,0.0,0.0,0.0,0.00019072703521345972,0.9999999818115989,0.0021782261724942846,0.006641872953610936,0.0,0.0,0.0,-0.004669958102824126,1477,1530
2.773377270136961e-05,-0.0010078421018402286,0.0,0.0,0.0,0.0003142729166283686,0.9999999506162657,-0.0005597624847622033,-0.0043527641143838785,0.0,0.0,0.0,0.002467192242066484,1477,1530
-0.00015071177893179443,-0.0004356033417993819,0.0,0.0,0.0,0.000171863317782156,0.9999999852314999,-0.0013365793914248325,0.004295638008151495,0.0,0.0,0.0,-0.002137640388653939,1477,1530
5.6237449682054015e-05,-0.000607069204305062,0.0,0.0,0.0,0.0001993365912385062,0.9999999801324615,0.003105015368302546,-0.002574432116245281,0.0,0.0,0.0,0.0008246393998874042,1477,1530
-5.397870742802426e-05,-0.0008304253199419058,0.0,0.0,0.0,0.00027281820955865393,0.9999999627851116,-0.0010989966468019099,-0.002224911652616412,0.0,0.0,0.0,0.001464229399878657,1477,1530
-2.8848652808778953e-05,-0.0009885384037739446,0.0,0.0,0.0,0.0003129848409019633,0.9999999510202435,0.00037605529798680947,-0.002374418466092565,0.0,0.0,0.0,0.0012062776460502996,1477,1530
-0.00015620962193829945,-0.0007656606565556907,0.0,0.0,0.0,0.0002732170699091209,0.9999999626762157,-0.0007639458450712782,0.001338826337602858,0.0,0.0,0.0,-0.00047759917244936993,1477,1530
4.280778978032489e-05,-0.0008392220458889068,0.0,0.0,0.0,0.0002648478831190938,0.9999999649277987,0.0029850458392584422,-0.0011051955992526163,0.0,0.0,0.0,-0.00025110825685823975,1477,1530
-5.874041815988504e-05,-0.0007642859869510763,0.0,0.0,0.0,0.0002425277707441789,0.9999999705901398,-0.0010140000237982122,0.0007490968471642243,0.0,0.0,0.0,-0.00044592512195467814,1477,1530
-2.7748636903343114e-05,-0.0011089939079979671,0.0,0.0,0.0,0.0003636155744621659,0.9999999338918548,0.0002315252343698959,-0.0025892344970251794,0.0,0.0,0.0,0.0018189956068886163,1477,1530
-9.04244592799679e-05,-0.0006438750061465823,0.0,0.0,0.0,0.00024413285520918031,0.9999999701995741,-0.0006185263223535192,0.004615458392860979,0.0,0.0,0.0,-0.0023710653388684085,1477,1530
3.0413408863962552e-05,-0.0007584093051577461,0.0,0.0,0.0,0.00025854562333844233,0.9999999665770798,0.0036940888968266293,-0.003504810568395428,0.0,0.0,0.0,0.0008816227418721094,1477,1530
-3.7830836203988806e-05,-0.000823814230319122,0.0,0.0,0.0,0.00028206066949276433,0.9999999602208886,-0.0004097560253339643,-0.00039230172006829705,0.0,0.0,0.0,0.0002822409637071843,1477,1530
6.993749630863337e-06,-0.0008037190580467607,0.0,0.0,0.0,0.00027752886404546796,0.999999961488864,0.0006714576754060262,0.0003005643299864357,0.0,0.0,0.0,-0.0001357356343688016,1477,1530
6.993749630863337e-06,-0.0008037190580467607,0.0,0.0,0.0,0.00027752886404546796,0.999999961488864,0.0006714576754060262,0.0003005643299864357,0.0,0.0,0.0,-0.0001357356343688016,1477,1530
-9.287682356327388e-05,-0.0007463335597097336,0.0,0.0,0.0,0.00025103840162826605,0.99999996848986,-0.001502169711666867,0.0008642541478481233,0.0,0.0,0.0,-0.000797149190978516,1477,1530
-1.2298179964975685e-05,-0.0005162241164210992,0.0,0.0,0.0,0.00020043061994257382,0.9999999799137831,0.00034556457451016224,0.0009852469557242731,0.0,0.0,0.0,-0.0004334453862199043,1477,1530
-1.2298179964975685e-05,-0.0005162241164210992,0.0,0.0,0.0,0.00020043061994257382,0.9999999799137831,0.00034556457451016224,0.0009852469557242731,0.0,0.0,0.0,-0.0004334453862199043,1477,1530
5.701473239784103e-06,-0.0005759501959846728,0.0,0.0,0.0,0.0001857359588533477,0.9999999827510767,0.00010787281345643619,-0.00035846139612840945,0.0,0.0,0.0,-0.00017636627135163025,1477,1530
2.967974753844335e-05,-0.0008311514292638054,0.0,0.0,0.0,0.0002658332072965152,0.9999999646663523,0.0001433607601239487,-0.0015319010722085636,0.0,0.0,0.0,0.0009615689408639992,1477,1530
1.5866772406766325e-05,-0.0008967066561354779,0.0,0.0,0.0,0.0002783163331496571,0.9999999612700086,-0.00013843535194712705,-0.0006552756016809577,0.0,0.0,0.0,0.0002495851549005498,1477,1530
4.0227843334914644e-05,-0.0008014214041938331,0.0,0.0,0.0,0.0002488280416546678,0.9999999690423024,0.00024389229022322436,0.0009517459892181742,0.0,0.0,0.0,-0.000589164902121122,1477,1530
2.3613599777257444e-05,-0.0009933899316495558,0.0,0.0,0.0,0.0003217922770062111,0.9999999482248639,-0.0001616438930759869,-0.0018569488991911744,0.0,0.0,0.0,0.0014116555085940568,1477,1530
1.260109878329891e-05,-0.0006683221723710981,0.0,0.0,0.0,0.00022721346758083617,0.9999999741870197,-0.00017082191128214033,0.005140091068290931,0.0,0.0,0.0,-0.002990965415396658,1477,1530
-6.977928378413448e-05,-0.0005034867548485899,0.0,0.0,0.0,0.00017466155867112886,0.9999999847466698,-0.0008157375185569781,0.0016340707490483976,0.0,0.0,0.0,-0.00104169420205716,1477,1530
7.044420255723594e-05,-0.00013920641791417636,0.0,0.0,0.0,5.5326873899103844e-05,0.9999999984694685,0.0014143696521970064,0.0036705027753530565,0.0,0.0,0.0,-0.002405165377068266,1477,1530
6.774722737379984e-05,-0.0005278220827939898,0.0,0.0,0.0,0.00015107542465553982,0.9999999885881079,-2.7428294892999724e-05,-0.0038901994481285347,0.0,0.0,0.0,0.0019169646663849324,1477,1530
9.353378140366577e-06,-0.00044238142898891074,0.0,0.0,0.0,0.00012488418857725932,0.9999999922019697,-0.0005828410149592366,0.0008533541066450324,0.0,0.0,0.0,-0.0005230715035419923,1477,1530
9.353378140366577e-06,-0.00044238142898891074,0.0,0.0,0.0,0.00012488418857725932,0.9999999922019697,-0.0005828410149592366,0.0008533541066450324,0.0,0.0,0.0,-0.0005230715035419923,1477,1530
1.0207849646592393e-05,-0.0010209412759155665,0.0,0.0,0.0,0.00031285486826863955,0.9999999510609144,7.109039198204249e-06,-0.005793247509713889,0.0,0.0,0.0,0.003764382652370057,1477,1530
-2.5902884923008186e-05,-0.000679599522650376,0.0,0.0,0.0,0.00022261892137939712,0.9999999752204076,-0.00017944625508709664,0.0017064459882950103,0.0,0.0,0.0,-0.0009021610248904517,1477,1530
3.215484570701182e-05,-0.0008427720629423331,0.0,0.0,0.0,0.000254083594277431,0.999999967720763,0.0005784855170537099,-0.001628141322645175,0.0,0.0,0.0,0.000627811839816331,1477,1530
-2.5207176336335783e-06,-0.000683169454277502,0.0,0.0,0.0,0.0002562526793367819,0.9999999671672817,-0.0005205382876228852,0.0024017846949306383,0.0,0.0,0.0,6.527588829097818e-05,1477,1530
-5.957455991429234e-05,-0.0010283140544402845,0.0,0.0,0.0,0.000321927350748219,0.999999948181389,-0.0004293892983330399,-0.0025893229077436136,0.0,0.0,0.0,0.000985484741159403,1477,1530
4.13116616651767e-05,-0.0006180875922474903,0.0,0.0,0.0,0.00021030570748132595,0.9999999778857545,0.0007582767486862967,0.00307478856852671,0.0,0.0,0.0,-0.001673550688488507,1477,1530
1.0780349177774933e-05,-0.0005139091519980312,0.0,0.0,0.0,0.00017926084434018673,0.9999999839327747,-0.00045783888191171533,0.0015646684615169058,0.0,0.0,0.0,-0.0009324181927114691,1477,1530
9.641496112644379e-06,-0.000742575912884563,0.0,0.0,0.0,0.00025154323497321023,0.999999968363,-7.320295632884061e-06,-0.001371115029242285,0.0,0.0,0.0,0.0008668304683307588,1477,1530
-6.400665169956806e-05,-0.0007717367235847292,0.0,0.0,0.0,0.0002528587528897126,0.999999968031225,-0.0022250591705744753,-0.0008797123066633028,0.0,0.0,0.0,7.947308393276573e-05,1477,1530
7.1527032472914e-05,-0.0007693228383711866,0.0,0.0,0.0,0.00023545730696827445,0.999999972279928,0.0008102131572548874,1.402021215753651e-05,0.0,0.0,0.0,-0.0002080479957850706,1477,1530
-5.0047155689161165e-05,-0.0007813907221046612,0.0,0.0,0.0,0.00023859876346608147,0.9999999715353146,-0.0012197872806531977,-0.00012050034949372624,0.0,0.0,0.0,6.303525701143284e-05,1477,1530
-0.00010484077617414861,-0.0007932188784577473,0.0,0.0,0.0,0.00024442460326349897,0.9999999701283062,-0.0008235783854797869,-0.000177372443218978,0.0,0.0,0.0,0.0001751131674320619,1477,1530
2.1996056493692358e-05,-0.0008517659398346059,0.0,0.0,0.0,0.00026941430570806254,0.9999999637079653,0.0019027413433696974,-0.0008794216890151543,0.0,0.0,0.0,0.0007499348268397662,1477,1530
-0.00010977776454101367,-0.0009251881799588137,0.0,0.0,0.0,0.0002876563811797123,0.9999999586269023,-0.0009884099603896506,-0.0005500283142735457,0.0,0.0,0.0,0.0002735784788206091,1477,1530
7.946658020680677e-06,-0.0003934030807682241,0.0,0.0,0.0,0.00014864755003159808,0.9999999889519529,0.0011805986078613428,0.005318502453856114,0.0,0.0,0.0,-0.0027808719003767457,1477,1530
1.2827175832346751e-05,-0.001077311904541369,0.0,0.0,0.0,0.0003472110378049744,0.9999999397222458,7.031895324343583e-05,-0.010282199905339214,0.0,0.0,0.0,0.005970577409192438,1477,1530
3.1644142186484836e-06,-0.0007299392683331578,0.0,0.0,0.0,0.0002499181506596647,0.9999999687704585,-7.063203166224087e-05,0.0026042571912782584,0.0,0.0,0.0,-0.0014587843280416384,1477,1530
-7.632001659622436e-05,-0.0009043000092903089,0.0,0.0,0.0,0.00028081056223494327,0.9999999605727132,-0.0023740660772431092,-0.005200972341607461,0.0,0.0,0.0,0.0018433876933668318,1477,1530
2.792974657510539e-06,-0.0009050793544918073,0.0,0.0,0.0,0.00027478639227143057,0.9999999622462187,0.0005930786554030692,-6.175560966053602e-06,0.0,0.0,0.0,-9.032213378414214e-05,1477,1530
-1.779919089712024e-05,-0.0007978114403992374,0.0,0.0,0.0,0.00022697077988175578,0.9999999742421323,-0.00020566734698446526,0.0010745436540243497,0.0,0.0,0.0,-0.0009578736116022804,1477,1530
-5.138299513940689e-05,-0.0009742130667426684,0.0,0.0,0.0,0.0002959684060260207,0.9999999562013503,-0.0003366455010044452,-0.001763898908822419,0.0,0.0,0.0,0.0013799801688386482,1477,1530
0.00010333106946636195,-0.0007650017637620072,0.0,0.0,0.0,0.00023125285895314541,0.9999999732610573,0.0015465074995955751,0.002088669563645994,0.0,0.0,0.0,-0.001292746762168896,1477,1530
-1.681974957481532e-05,-0.0006807502305107772,0.0,0.0,0.0,0.00022343481008417173,0.9999999750384425,-0.0007211498797733184,0.0005061786707135988,0.0,0.0,0.0,-9.387892445727245e-05,1477,1530
-6.864958261129803e-05,-0.0007136299235326139,0.0,0.0,0.0,0.00020998653903291886,0.9999999779528265,-0.0007787268805130153,-0.0004935191144210995,0.0,0.0,0.0,-0.0004039975777078198,1477,1530
-0.00010082633760897649,-0.0003506081917406761,0.0,0.0,0.0,0.0001234352393808655,0.9999999923818709,-0.0004785745234220266,0.005425237807819748,0.0,0.0,0.0,-0.0025868641512865964,1477,1530
-9.572895293429151e-06,-0.00027613336469444014,0.0,0.0,0.0,8.527821783452317e-05,0.9999999963638128,0.0009141992545012304,0.0007457310542677045,0.0,0.0,0.0,-0.0007643787284835265,1477,1530
-4.850713958902108e-05,-0.0007686670575128845,0.0,0.0,0.0,0.00023079581646951743,0.9999999733666453,-0.00029287262636491145,-0.0036969288665032137,0.0,0.0,0.0,0.0021845225416513665,1477,1530
-9.419667806488341e-05,-0.0010103079880648157,0.0,0.0,0.0,0.00032118478321794023,0.9999999484201662,-0.00034301239486802073,-0.0018095338353652875,0.0,0.0,0.0,0.0013538781974837017,1477,1530
-2.692484122449344e-06,-0.0010560914394068485,0.0,0.0,0.0,0.00032671825772724735,0.9999999466275886,0.0013731238579524831,-0.0006881356600675457,0.0,0.0,0.0,0.00016612551561560096,1477,1530
-9.100323489401446e-05,-0.0005762147106723454,0.0,0.0,0.0,0.00020574202568158102,0.9999999788351092,-0.0006604658157195834,0.0036021640841518714,0.0,0.0,0.0,-0.0018159828290112675,1477,1530
3.2188420183459584e-05,-0.0009199405737692535,0.0,0.0,0.0,0.0002698715667481117,0.999999963584668,0.003629050253352126,-0.010138806895257011,0.0,0.0,0.0,0.003782672772400543,1477,1530
6.479847850312335e-05,-0.0006342257284001825,0.0,0.0,0.0,0.00018563269367511884,0.9999999827702514,0.00019708184923607436,0.00171851042543353,0.0,0.0,0.0,-0.0010134182894494307,1477,1530
6.479847850312335e-05,-0.0006342257284001825,0.0,0.0,0.0,0.00018563269367511884,0.9999999827702514,0.00019708184923607436,0.00171851042543353,0.0,0.0,0.0,-0.0010134182894494307,1477,1530
3.7330289427042035e-06,-0.0006364117563049664,0.0,0.0,0.0,0.00019580521886443405,0.999999980830158,-0.0003661902779926521,-1.2972794998416347e-05,0.0,0.0,0.0,0.00012200125178177052,1477,1530
9.889581667312108e-06,-0.0009216831393918506,0.0,0.0,0.0,0.000281343374675243,0.9999999604229519,4.410004306867772e-05,-0.0020812117237250486,0.0,0.0,0.0,0.0012480854180226815,1477,1530
9.889581667312108e-06,-0.0009216831393918506,0.0,0.0,0.0,0.000281343374675243,0.9999999604229519,4.410004306867772e-05,-0.0020812117237250486,0.0,0.0,0.0,0.0012480854180226815,1477,1530
3.053198253835739e-05,-0.00044018814534167874,0.0,0.0,0.0,0.00012440440550195238,0.9999999922617719,7.95431596371955e-05,0.0018313059684790928,0.0,0.0,0.0,-0.0011938244769833226,1477,1530
-3.2568366179821644e-05,-0.0012816476748684065,0.0,0.0,0.0,0.0003885461427411664,0.9999999245159447,-0.0009101453322091553,-0.012096661925797695,0.0,0.0,0.0,0.007594644727518815,1477,1530
3.558599139365396e-05,-0.0008964732363683722,0.0,0.0,0.0,0.0002537504659381653,0.9999999678053499,0.0022482889301848118,0.012648909908379467,0.0,0.0,0.0,-0.008854447626893176,1477,1530
2.903351876995342e-05,-0.0009415164797152538,0.0,0.0,0.0,0.00028492847837868746,0.9999999594078803,-3.2850376034770303e-05,-0.00022501954516596898,0.0,0.0,0.0,0.00031153091094743014,1477,1530
2.903351876995342e-05,-0.0009415164797152538,0.0,0.0,0.0,0.00028492847837868746,0.9999999594078803,-3.2850376034770303e-05,-0.00022501954516596898,0.0,0.0,0.0,0.00031153091094743014,1477,1530
6.185976057732727e-05,-0.0009642475148584441,0.0,0.0,0.0,0.0002766094809316932,0.9999999617435967,0.0009839950532114484,-0.0006822124243225931,0.0,0.0,0.0,-0.0004989353030150015,1477,1530
-5.4974748069943073e-05,-0.000620912275168825,0.0,0.0,0.0,0.00019183502955234154,0.9999999815996605,-0.0005835612215634697,0.0017179955484863505,0.0,0.0,0.0,-0.0008482365134634247,1477,1530
-5.3515698003813526e-05,-0.0006950009451191913,0.0,0.0,0.0,0.00022378368625021003,0.9999999749604306,2.151508940484372e-05,-0.0011142242050584193,0.0,0.0,0.0,0.000960948578327044,1477,1530
-0.00013128709712403256,-0.0008474184102103766,0.0,0.0,0.0,0.00025056141229607646,0.9999999686094889,-0.0007773156154289103,-0.0015217112402303428,0.0,0.0,0.0,0.0005348111484356908,1477,1530
-0.00013128709712403256,-0.0008474184102103766,0.0,0.0,0.0,0.00025056141229607646,0.9999999686094889,-0.0007773156154289103,-0.0015217112402303428,0.0,0.0,0.0,0.0005348111484356908,1477,1530
-5.514643540500764e-05,-0.0011229073797811855,0.0,0.0,0.0,0.0003511114937538387,0.9999999383603576,0.0007589179632976472,-0.0027512540770686833,0.0,0.0,0.0,0.0020080699355083343,1477,1530
2.8400237052654076e-05,-0.0007416570281964427,0.0,0.0,0.0,0.00024238172708309987,0.9999999706255488,0.0004959107667719269,0.0022554247308985273,0.0,0.0,0.0,-0.0012866591085474244,1477,1530
8.055312288303648e-05,-0.0007792381445604419,0.0,0.0,0.0,0.00026006911549592487,0.999999966182027,0.00039848555209190406,-0.00028744033386814957,0.0,0.0,0.0,0.0002703832238335597,1477,1530
-8.707785469876011e-05,-0.000692085451326765,0.0,0.0,0.0,0.00020303396343006915,0.9999999793886046,-0.00501828487677454,0.0026123633095241085,0.0,0.0,0.0,-0.003415790002794756,1477,1530
4.877128546674326e-05,-0.000682974071956261,0.0,0.0,0.0,0.0002068784223614594,0.9999999786006589,0.0010194339674493122,6.795745737177836e-05,0.0,0.0,0.0,5.769732051852864e-05,1477,1530
4.877128546674326e-05,-0.000682974071956261,0.0,0.0,0.0,0.0002068784223614594,0.9999999786006589,0.0010194339674493122,6.795745737177836e-05,0.0,0.0,0.0,5.769732051852864e-05,1477,1530
-8.412175275199896e-05,-0.0006246453201304798,0.0,0.0,0.0,0.00022079303259602204,0.999999975625218,-0.0009962053827452892,0.00043774119764570716,0.0,0.0,0.0,0.00020865395392470355,1477,1530
-5.882196187894936e-05,-0.000471739428555939,0.0,0.0,0.0,0.0001425814978436545,0.9999999898352582,0.00025372383992499866,0.0015292528968945834,0.0,0.0,0.0,-0.0015645436283948048,1477,1530
4.6380740264323825e-05,-0.00043140861840532276,0.0,0.0,0.0,0.00014766998197726958,0.9999999890967881,0.0007886884855054131,0.0003020959535952034,0.0,0.0,0.0,7.628683078744433e-05,1477,1530
-3.060015233287789e-05,-0.00028772399831632363,0.0,0.0,0.0,8.864136072025343e-05,0.9999999960713546,-0.0005775899991726394,0.0010788354079868828,0.0,0.0,0.0,-0.0008862757179608833,1477,1530
2.6737106836014792e-05,-0.0004976804781735905,0.0,0.0,0.0,0.00015951749124510427,0.999999987277085,0.0008288976480134636,-0.003037360280395702,0.0,0.0,0.0,0.0020505766411856178,1477,1530
3.161054294011605e-05,-0.001119727626389103,0.0,0.0,0.0,0.0003255071872388768,0.9999999470225341,1.7690102423534574e-05,-0.0023538287264023784,0.0,0.0,0.0,0.0012562082128058298,1477,1530
3.161054294011605e-05,-0.001119727626389103,0.0,0.0,0.0,0.0003255071872388768,0.9999999470225341,1.7690102423534574e-05,-0.0023538287264023784,0.0,0.0,0.0,0.0012562082128058298,1477,1530
-0.0001545843003426277,-0.0007974550712800915,0.0,0.0,0.0,0.0002643347542256107,0.9999999650635683,-0.002784331628238697,0.004826469786506717,0.0,0.0,0.0,-0.0018315923063907634,1477,1530
7.177559503208044e-05,-0.0004796140320981317,0.0,0.0,0.0,0.00016824322002931003,0.9999999858471094,0.0013580076410862724,0.0019047013362264236,0.0,0.0,0.0,-0.0011521145301874307,1477,1530
-0.00014541555219100917,-0.0010225571968488878,0.0,0.0,0.0,0.0003148214443168141,0.9999999504437279,-0.0032746885799583457,-0.008178217115682259,0.0,0.0,0.0,0.004416337094588051,1477,1530
-0.00014541555219100917,-0.0010225571968488878,0.0,0.0,0.0,0.0003148214443168141,0.9999999504437279,-0.0032746885799583457,-0.008178217115682259,0.0,0.0,0.0,0.004416337094588051,1477,1530
5.395628191362986e-05,-0.001023101504345283,0.0,0.0,0.0,0.00030114136607276395,0.9999999546569378,0.0008542416207413052,-2.8700477304798363e-06,0.0,0.0,0.0,-0.00011722934909400803,1477,1530
0.00015287378503291583,-0.000475078740130367,0.0,0.0,0.0,0.00016709424293814652,0.9999999860397569,0.0014896219165361803,0.008224463250344653,0.0,0.0,0.0,-0.004023868354911758,1477,1530
6.2868269830163e-05,-0.0006862816299831859,0.0,0.0,0.0,0.00022715719857861982,0.9999999741998032,-0.0013393417752065998,-0.0031399292124277816,0.0,0.0,0.0,0.001786152698140421,1477,1530
-0.0001322752135077559,-0.001641281851874349,0.0,0.0,0.0,0.0004846821548422575,0.9999998825415974,-0.0014644612354855345,-0.007150270438885243,0.0,0.0,0.0,0.0038566364471507,1477,1530
2.9781181566397976e-06,-0.0007430819533098702,0.0,0.0,0.0,0.00024641630032569303,0.999999969639503,0.001027459134853494,0.006778590695038881,0.0,0.0,0.0,-0.003596845987425666,1477,1530
-0.0001226068482776726,-0.001940246786931696,0.0,0.0,0.0,0.0006160675575884267,0.9999998102303642,-0.0012619261999027274,-0.011972704137299412,0.0,0.0,0.0,0.007394060874941452,1477,1530
-0.0001226068482776726,-0.001940246786931696,0.0,0.0,0.0,0.0006160675575884267,0.9999998102303642,-0.0012619261999027274,-0.011972704137299412,0.0,0.0,0.0,0.007394060874941452,1477,1530
-3.1385342744946396e-05,-0.001150101968343593,0.0,0.0,0.0,0.0003553271709929505,0.9999999368712988,0.0005525257626452532,0.004734670304069169,0.0,0.0,0.0,-0.0031252409506623987,1477,1530
-3.6839635626008754e-05,-0.0019040943483157535,0.0,0.0,0.0,0.0005972029968855496,0.9999998216742744,-9.003907270018751e-05,-0.011333398170112646,0.0,0.0,0.0,0.0072714000588000585,1477,1530
-0.00019604407544395282,-0.0018483704750408593,0.0,0.0,0.0,0.0005637435827689766,0.9999998410965738,-0.0047554915533289,0.0016708698371426369,0.0,0.0,0.0,-0.00199972625800586,1477,1530
-7.882483651374875e-05,-0.0015069576552607666,0.0,0.0,0.0,0.0004867319732936522,0.9999998815459861,0.0008833845588514853,0.002563531909704091,0.0,0.0,0.0,-0.0011569473223867442,1477,1530
-0.0001303242085782846,-0.0016182063070736218,0.0,0.0,0.0,0.000502069718211116,0.9999998739629911,-0.00030921852521091485,-0.0006662700127948534,0.0,0.0,0.0,0.0001837989513476273,1477,1530
-0.00023242239799061776,-0.001954036707596452,0.0,0.0,0.0,0.0006053562769751586,0.9999998167718722,-0.0015411229230057615,-0.005050967539404666,0.0,0.0,0.0,0.003107858652585982,1477,1530
-7.683724059820202e-05,-0.0021497667180057902,0.0,0.0,0.0,0.0006560736120378386,0.9999997847836846,0.0011633770978098914,-0.0014672006397352447,0.0,0.0,0.0,0.0007596283307984274,1477,1530
-0.00012793356718389902,-0.0016745223205009,0.0,0.0,0.0,0.000512903094745139,0.9999998684651991,-0.0005049288927162116,0.004755012347661087,0.0,0.0,0.0,-0.0028645566502861508,1477,1530
-6.333960303547106e-05,-0.001939181911014002,0.0,0.0,0.0,0.0006045345241122322,0.9999998172689879,0.0009669493957196576,-0.003979581066803513,0.0,0.0,0.0,0.0027549629011309677,1477,1530
-9.718365055146804e-05,-0.0010098329748692647,0.0,0.0,0.0,0.0003243892924998733,0.9999999473857921,-0.00024510012097711753,0.006961820975925881,0.0,0.0,0.0,-0.004196995596656692,1477,1530
-0.0002218031603684686,-0.0016305009863243508,0.0,0.0,0.0,0.0005211751883863718,0.9999998641882023,-0.001251836465871114,-0.006213886216882555,0.0,0.0,0.0,0.003940801884854899,1477,1530
-1.7632448962996944e-05,-0.0019805372727248714,0.0,0.0,0.0,0.0006043620314678704,0.9999998173732508,0.005987418551803884,-0.010289635818718548,0.0,0.0,0.0,0.004887737958373339,1477,1530
-0.00014529761910223737,-0.001500553774088653,0.0,0.0,0.0,0.0004847812517899281,0.9999998824935621,-0.000765133865440196,0.00289073999783203,0.0,0.0,0.0,-0.0014399084523379617,1477,1530
-0.0001609333883179932,-0.0015787838471906768,0.0,0.0,0.0,0.0005031868180097877,0.9999998734015051,-0.00011778790457355082,-0.0005863667654612619,0.0,0.0,0.0,0.00027596831020167866,1477,1530
-0.0001609333883179932,-0.0015787838471906768,0.0,0.0,0.0,0.0005031868180097877,0.9999998734015051,-0.00011778790457355082,-0.0005863667654612619,0.0,0.0,0.0,0.00027596831020167866,1477,1530
-0.0001873888509205712,-0.0019970032336367044,0.0,0.0,0.0,0.0006108291994124443,0.9999998134438272,-0.00020191829095075333,-0.0031418245038544014,0.0,0.0,0.0,0.0016174057765704708,1477,1530
-0.00015334148442160814,-0.0019167459808331418,0.0,0.0,0.0,0.000569168469334206,0.9999998380236137,0.0003409526797671692,0.0008009785482355222,0.0,0.0,0.0,-0.0008319917185781528,1477,1530
-2.9234295042450403e-05,-0.0018014939991886371,0.0,0.0,0.0,0.0005634403482778049,0.9999998412674744,0.0009322161034286131,0.0008637270484195584,0.0,0.0,0.0,-8.596137185431274e-05,1477,1530
-7.680402480508841e-05,-0.001607627332171202,0.0,0.0,0.0,0.0005058965809838738,0.9999998720343165,-0.0014145675745084823,0.005793157355779507,0.0,0.0,0.0,-0.0034381176731280304,1477,1530
4.780324410514811e-05,-0.0022224406949495593,0.0,0.0,0.0,0.0006678872914527297,0.999999776963258,0.0012414155961679772,-0.006157149256511303,0.0,0.0,0.0,0.0032439020733269395,1477,1530
-8.841147907184374e-05,-0.0017851072664767406,0.0,0.0,0.0,0.0005736175549002105,0.9999998354814368,-0.0010178261446530158,0.003283291361912314,0.0,0.0,0.0,-0.0014148775597231198,1477,1530
-0.0001313512744499061,-0.0019177033980116946,0.0,0.0,0.0,0.0005918714154741733,0.9999998248440984,-0.0004302863394109174,-0.0013235222447412313,0.0,0.0,0.0,0.0003645413975980875,1477,1530
-0.0002009813800863871,-0.0018034520342906475,0.0,0.0,0.0,0.0005561543903143586,0.9999998453461351,-0.0006940666617690286,0.0011418868816381188,0.0,0.0,0.0,-0.0007134345588769541,1477,1530
-0.00013626794104351446,-0.002626124146200516,0.0,0.0,0.0,0.000788456997597267,0.9999996891677332,0.0006390185474268773,-0.008240785916259956,0.0,0.0,0.0,0.004653591983327315,1477,1530
-2.1335754097751188e-05,-0.001604105948891902,0.0,0.0,0.0,0.0004846671025956371,0.9999998825488929,0.0008744404803867707,0.007666949447666689,0.0,0.0,0.0,-0.004558741173286767,1477,1530
-0.000135928111220243,-0.0018253116258205165,0.0,0.0,0.0,0.0005585643520184855,0.9999998440029201,-0.0017172239662908851,-0.003307025468571974,0.0,0.0,0.0,0.002210639566396424,1477,1530
-0.00013212696383363144,-0.001471005586268157,0.0,0.0,0.0,0.0004464188914720714,0.9999999003550817,4.2014459469565335e-05,0.0035468108085587105,0.0,0.0,0.0,-0.0022453119743797542,1477,1530
-0.00016584446856892745,-0.0017001334055104886,0.0,0.0,0.0,0.0005271279928981994,0.99999986106803,-0.0003392783298154992,-0.0022913657687553927,0.0,0.0,0.0,0.0016144566760820985,1477,1530
-3.084450690234522e-05,-0.0018068800380567867,0.0,0.0,0.0,0.0005466801162030901,0.9999998505704141,0.0006743355915745364,-0.0005343643339604971,0.0,0.0,0.0,0.0001954919374300154,1477,1530
-3.084450690234522e-05,-0.0018068800380567867,0.0,0.0,0.0,0.0005466801162030901,0.9999998505704141,0.0006743355915745364,-0.0005343643339604971,0.0,0.0,0.0,0.0001954919374300154,1477,1530
-0.00023897941940142145,-0.0019093617745899818,0.0,0.0,0.0,0.0005920876687313801,0.999999824716081,-0.003124624327149913,-0.0015342642410864583,0.0,0.0,0.0,0.0013626287718009227,1477,1530
-0.0001440925994459534,-0.0018133162552059197,0.0,0.0,0.0,0.0005452100246140048,0.9999998513730035,0.0007116621206098669,0.0007186483690344793,0.0,0.0,0.0,-0.0007023342649873507,1477,1530
-9.892020060859951e-05,-0.0017575772620905704,0.0,0.0,0.0,0.0005404079836242258,0.9999998539795949,-0.0015913997816867126,0.000570793718193268,0.0,0.0,0.0,-0.00021786616672381842,1477,1530
-9.892020060859951e-05,-0.0017575772620905704,0.0,0.0,0.0,0.0005404079836242258,0.9999998539795949,-0.0015913997816867126,0.000570793718193268,0.0,0.0,0.0,-0.00021786616672381842,1477,1530
-0.00011258003123287236,-0.0015052045397796587,0.0,0.0,0.0,0.00046558500752646363,0.9999998916152946,-0.00013373947748881697,0.0025214024122914213,0.0,0.0,0.0,-0.0014949946154910886,1477,1530
-0.00019322985052502034,-0.0016807176800540894,0.0,0.0,0.0,0.0005287916727510229,0.9999998601896737,-0.0008079948097131484,-0.0017540814611253092,0.0,0.0,0.0,0.0012639185939434577,1477,1530
-1.2045579679026078e-05,-0.002066747796611109,0.0,0.0,0.0,0.0006378252515027888,0.9999997965894536,0.0018079579809300935,-0.003862640071543589,0.0,0.0,0.0,0.0021809118430829895,1477,1530
-0.00014491041283291284,-0.0016724910051709246,0.0,0.0,0.0,0.00050161782170237,0.9999998741897725,-0.0007934122455579617,0.00236429549178802,0.0,0.0,0.0,-0.0016329283395853658,1477,1530
-0.00010556559812929292,-0.0013992149684359733,0.0,0.0,0.0,0.00043438114954362224,0.999999905656504,0.00039648294867951833,0.00273438771786873,0.0,0.0,0.0,-0.0013457294294569981,1477,1530
-9.677335378376742e-05,-0.0014504527275838684,0.0,0.0,0.0,0.0004375053349724331,0.9999999042945363,0.00026199429747292594,-0.001534798232405579,0.0,0.0,0.0,0.00018713862204183414,1477,1530
-1.0721845335912673e-06,-0.0019277210309442295,0.0,0.0,0.0,0.0006079033463006917,0.9999998152267437,0.0005723902646533228,-0.00286756370783126,0.0,0.0,0.0,0.00204724128636325,1477,1530
-0.00010401169332587515,-0.0015900339052754466,0.0,0.0,0.0,0.0004995763585940075,0.9999998752117232,-0.0006143058232908261,0.0020240142754862386,0.0,0.0,0.0,-0.0012980911451728997,1477,1530
-0.00011471920781118505,-0.0018431755583155297,0.0,0.0,0.0,0.0005509249053275572,0.9999998482408629,-0.00016475169900231817,-0.0038049337598687898,0.0,0.0,0.0,0.001543690645898874,1477,1530
-0.00014470753134857635,-0.0011611336815833284,0.0,0.0,0.0,0.00035330269262288125,0.9999999375886017,-0.0002192535095254951,0.0051150344989499795,0.0,0.0,0.0,-0.0029640296660231446,1477,1530
-0.00014645785733707176,-0.0016543952239881595,0.0,0.0,0.0,0.0005294921536555778,0.9999998598190198,-3.1450293574370514e-05,-0.0073912158726110715,0.0,0.0,0.0,0.0052801929247383314,1477,1530
-0.000137478171705457,-0.0018584528984059664,0.0,0.0,0.0,0.0005875974539883381,0.9999998273646011,5.2622460785218716e-05,-0.0012253557428237032,0.0,0.0,0.0,0.0006978066060018173,1477,1530
-0.00017657818443051837,-0.001473627048225787,0.0,0.0,0.0,0.0004626176526927681,0.999999892992448,-0.001154249631853853,0.011494535572376117,0.0,0.0,0.0,-0.007465270034488414,1477,1530
-3.6325067068616315e-05,-0.0011357207612673903,0.0,0.0,0.0,0.00037071092207875244,0.9999999312867038,0.0014077404571013578,0.0033827702519961408,0.0,0.0,0.0,-0.0018408592415755354,1477,1530
-5.807991743363123e-05,-0.0013651106516642253,0.0,0.0,0.0,0.00045075811684345776,0.999999898408555,-0.00013065167597971499,-0.0013668491992713666,0.0,0.0,0.0,0.0009540104575678449,1477,1530
-5.807991743363123e-05,-0.0013651106516642253,0.0,0.0,0.0,0.00045075811684345776,0.999999898408555,-0.00013065167597971499,-0.0013668491992713666,0.0,0.0,0.0,0.0009540104575678449,1477,1530
-6.337671618287452e-05,-0.0018999812842586492,0.0,0.0,0.0,0.0005680325051941153,0.9999998386695235,-0.0001776784352352055,-0.01644475449936169,0.0,0.0,0.0,0.007211339176906149,1477,1530
-0.00018307516899775437,-0.001745900185943567,0.0,0.0,0.0,0.0005006357181161643,0.999999874681931,-0.0011985292499827997,0.0015464225027353637,0.0,0.0,0.0,-0.0013516529789122742,1477,1530
4.35305273403384e-05,-0.0018162738391591994,0.0,0.0,0.0,0.0005309815258033245,0.9999998590292998,0.0013598035921278614,-0.00042378784183025894,0.0,0.0,0.0,0.0003643085791871063,1477,1530
-7.735334169340446e-06,-0.0018119146854807793,0.0,0.0,0.0,0.000533423421341101,0.9999998577297167,-0.0007659499939074056,6.594835507546797e-05,0.0,0.0,0.0,7.297410186314288e-05,1477,1530
-0.00014989280797760574,-0.0021772941260415853,0.0,0.0,0.0,0.0006466800634917902,0.9999997909024259,-0.001070994280576872,-0.002744050041321097,0.0,0.0,0.0,0.0017018536970484415,1477,1530
-0.00014989280797760574,-0.0021772941260415853,0.0,0.0,0.0,0.0006466800634917902,0.9999997909024259,-0.001070994280576872,-0.002744050041321097,0.0,0.0,0.0,0.0017018536970484415,1477,1530
-1.707269201667045e-05,-0.0018165537025876975,0.0,0.0,0.0,0.0005338400778587051,0.9999998575073755,0.0007978508655956894,0.0021583551573894186,0.0,0.0,0.0,-0.0013509162155505117,1477,1530
6.467413668493632e-06,-0.0022988405347032347,0.0,0.0,0.0,0.0006562282503375585,0.9999997846822185,0.0001730395696877356,-0.003624686731295801,0.0,0.0,0.0,0.0018395526016462733,1477,1530
-0.00017572736548618337,-0.0018930111053320569,0.0,0.0,0.0,0.0005851801353104299,0.9999998287820899,-0.00272197648867279,0.006084421440429871,0.0,0.0,0.0,-0.002129133749944939,1477,1530
-0.00011631125756975244,-0.0019264677431468703,0.0,0.0,0.0,0.0005818823394096741,0.9999998307064573,0.00044604049662743685,-0.0002518491071330158,0.0,0.0,0.0,-4.954622088665179e-05,1477,1530
-0.0001005540366718679,-0.001936053124516147,0.0,0.0,0.0,0.0005731464414116628,0.9999998357515649,9.326960841307382e-05,-5.6886280733771364e-05,0.0,0.0,0.0,-0.00010349181633710125,1477,1530
-0.0001005540366718679,-0.001936053124516147,0.0,0.0,0.0,0.0005731464414116628,0.9999998357515649,9.326960841307382e-05,-5.6886280733771364e-05,0.0,0.0,0.0,-0.00010349181633710125,1477,1530
-5.738830409857333e-05,-0.0019278596450443522,0.0,0.0,0.0,0.0005847060523531618,0.9999998290594015,0.0011593119687273031,0.00021867766298337956,0.0,0.0,0.0,0.0006207836785586481,1477,1530
-9.348507705458877e-05,-0.0018706743742439766,0.0,0.0,0.0,0.0005428267332128618,0.999999852669558,-0.00027849178850587936,0.0004423377290454966,0.0,0.0,0.0,-0.0006474098672297672,1477,1530
-9.717428121057586e-05,-0.0022357760942013374,0.0,0.0,0.0,0.0006434189674644333,0.9999997930059947,-3.0246273394661475e-05,-0.0027028842778437133,0.0,0.0,0.0,0.001489406069401161,1477,1530
-9.630479707316853e-05,-0.0016917419237668615,0.0,0.0,0.0,0.0005168577403562862,0.9999998664290293,1.6281140626891864e-05,0.005643257552615395,0.0,0.0,0.0,-0.0026256430885130276,1477,1530
6.938441239527616e-06,-0.0018406870760045932,0.0,0.0,0.0,0.0005343653286197952,0.9999998572268376,0.0010314801062848004,-0.0014913680475692158,0.0,0.0,0.0,0.00035035151398752105,1477,1530
-0.0001789782218557185,-0.0018467247826934314,0.0,0.0,0.0,0.0005386489948067498,0.9999998549286196,-0.0013941228355973249,-4.378314985959515e-05,0.0,0.0,0.0,6.42411901958583e-05,1477,1530
-0.00018059805111535714,-0.0017690885496806914,0.0,0.0,0.0,0.0005333348676840121,0.9999998577769493,-2.3082913465805825e-05,0.0011665930339155404,0.0,0.0,0.0,-0.0001597009176739602,1477,1530
-3.347826301661517e-05,-0.0017764755780934327,0.0,0.0,0.0,0.0005381865466676405,0.99999985517761,0.001102118090851328,-5.651705046739706e-05,0.0,0.0,0.0,7.26946858343294e-05,1477,1530
-7.238374330417367e-05,-0.0015503653228878113,0.0,0.0,0.0,0.00047773491044691887,0.9999998858846711,-0.00023220188820817644,0.0013582539610840758,0.0,0.0,0.0,-0.0007261371514107739,1477,1530
-0.00023548827768787314,-0.00206659652547045,0.0,0.0,0.0,0.0006350325937621983,0.9999997983667821,-0.0016338040726950978,-0.0051538965725645685,0.0,0.0,0.0,0.0031417755819870266,1477,1530
-0.0001719767213423023,-0.001992185122458943,0.0,0.0,0.0,0.0005921994571473324,0.9999998246498861,0.000956467007035714,0.0011177377662864453,0.0,0.0,0.0,-0.0012881955058994725,1477,1530
-7.383900677661679e-05,-0.0018625794943570612,0.0,0.0,0.0,0.0005507759433845587,0.9999998483229185,0.0009723325268097807,0.0012809562263991975,0.0,0.0,0.0,-0.000819553666475009,1477,1530
-0.00014998061048410725,-0.0015363721143696132,0.0,0.0,0.0,0.0004871181629152074,0.9999998813579407,-0.0007653764981502294,0.0032954365183282346,0.0,0.0,0.0,-0.0012858470909642254,1477,1530
-0.00010482061324199225,-0.002263265797120226,0.0,0.0,0.0,0.0006633894405513665,0.9999997799572009,0.00033354700730758597,-0.005454620952161381,0.0,0.0,0.0,0.002645326121664497,1477,1530
-4.4257958471719134e-05,-0.0016905059832927837,0.0,0.0,0.0,0.00048545385621284374,0.9999998821672698,0.0004595409794630598,0.004291562363459722,0.0,0.0,0.0,-0.0026668407183615336,1477,1530
-4.4257958471719134e-05,-0.0016905059832927837,0.0,0.0,0.0,0.00048545385621284374,0.9999998821672698,0.0004595409794630598,0.004291562363459722,0.0,0.0,0.0,-0.0026668407183615336,1477,1530
-0.00018049049027868178,-0.001880196367986646,0.0,0.0,0.0,0.0005877292933891338,0.999999827287124,-0.001365053679212814,-0.0018968131894400843,0.0,0.0,0.0,0.0020468394809961365,1477,1530
4.040259915286172e-05,-0.002078626495135482,0.0,0.0,0.0,0.0006496146827896219,0.9999997890003597,0.00132293154794291,-0.001191213462534974,0.0,0.0,0.0,0.0007420489845600304,1477,1530
-0.00011885360151901253,-0.002228653348881675,0.0,0.0,0.0,0.0006554851484698596,0.999999785169587,-0.001593760787557536,-0.0014974943460058971,0.0,0.0,0.0,0.00011735418213635178,1477,1530
-1.9460052264130544e-05,-0.0018076959987181709,0.0,0.0,0.0,0.0005256566762629122,0.9999998618425198,0.0007499911925953998,0.003157889619418812,0.0,0.0,0.0,-0.0019484698499769152,1477,1530
-7.891208125763641e-05,-0.001775956155672108,0.0,0.0,0.0,0.0005330929764111259,0.9999998579059292,-0.0005942219295392401,0.0003180423646314536,0.0,0.0,0.0,0.0001487349478994412,1477,1530
-0.0001885315853613599,-0.0014351946177404182,0.0,0.0,0.0,0.00043024455329394016,0.9999999074448078,-0.00326957525392691,0.010201047971323637,0.0,0.0,0.0,-0.006155640107245803,1477,1530
-0.0001885315853613599,-0.0014351946177404182,0.0,0.0,0.0,0.00043024455329394016,0.9999999074448078,0.0,0.0,0.0,0.0,0.0,5.373607477610108e-19,1477,1530
-0.0001885315853613599,-0.0014351946177404182,0.0,0.0,0.0,0.00043024455329394016,0.9999999074448078,0.0,0.0,0.0,0.0,0.0,5.305878755506886e-19,1477,1530
-0.0001885315853613599,-0.0014351946177404182,0.0,0.0,0.0,0.00043024455329394016,0.9999999074448078,0.0,0.0,0.0,0.0,0.0,5.367672889724953e-19,1477,1530
-0.0001885315853613599,-0.0014351946177404182,0.0,0.0,0.0,0.0004302445532939403,0.9999999074448078,0.0,0.0,0.0,0.0,0.0,2.759070027041779e-18,1477,1530
-0.00024301264400803144,-0.0014664672548245243,0.0,0.0,0.0,0.00043733527226018435,0.9999999043689253,-0.0018488551739267215,-0.0010591460943350213,0.0,0.0,0.0,0.0004810202586895671,1477,1530
-0.00019136925216137378,-0.0014820051664069086,0.0,0.0,0.0,0.0004598707324861106,0.9999998942594491,0.000516153292473323,-0.00015578714548030123,0.0,0.0,0.0,0.0004505830865770869,1477,1530
-0.00026144904076436196,-0.0013530224043003384,0.0,0.0,0.0,0.0003962690509685372,0.9999999214854165,-0.0006993385397680502,0.0012899685405927586,0.0,0.0,0.0,-0.001271537846494309,1477,1530
-0.00026144904076436196,-0.0013530224043003384,0.0,0.0,0.0,0.0003962690509685372,0.9999999214854165,-0.0006993385397680502,0.0012899685405927586,0.0,0.0,0.0,-0.001271537846494309,1477,1530
-0.0002296532205753593,-0.0016229848567494776,0.0,0.0,0.0,0.0004939824637090397,0.9999998779906554,0.00018943846424934505,-0.0016194751882707898,0.0,0.0,0.0,0.0011722351862686457,1477,1530
-0.00023223850109392426,-0.0018007512574544193,0.0,0.0,0.0,0.0005879272923361931,0.9999998271707344,-2.01336420785772e-05,-0.0012963250645897694,0.0,0.0,0.0,0.0013701673937556054,1477,1530
-0.00015067710186974703,-0.0012956850048179151,0.0,0.0,0.0,0.0003794585362776962,0.9999999280056071,0.0013065606514970106,0.008030821087278447,0.0,0.0,0.0,-0.00663079181642738,1477,1530
-0.00016678915522128825,-0.0013434218414106911,0.0,0.0,0.0,0.00040256623909489247,0.9999999189702082,-0.00012128703411648694,-0.0003584515298379622,0.0,0.0,0.0,0.0003471162839715863,1477,1530
-0.00016678915522128825,-0.0013434218414106911,0.0,0.0,0.0,0.00040256623909489247,0.9999999189702082,-0.00012128703411648694,-0.0003584515298379622,0.0,0.0,0.0,0.0003471162839715863,1477,1530
-0.000181300712943362,-0.001428121452104924,0.0,0.0,0.0,0.00042416131278044244,0.9999999100435863,-0.00010817922908375591,-0.0006283697116356447,0.0,0.0,0.0,0.00032046352455610526,1477,1530
-0.00017109954308330003,-0.0010669608631891626,0.0,0.0,0.0,0.0003215018586532673,0.9999999483182761,0.00016080846715583745,0.005527100564391985,0.0,0.0,0.0,-0.003142219740042898,1477,1530
-0.00022459882581290784,-0.001527156919788295,0.0,0.0,0.0,0.0004481926361917045,0.9999998995616755,-0.0002306380819724216,-0.0019728678480925303,0.0,0.0,0.0,0.0010863322829314853,1477,1530
-0.0002335997022722412,-0.0014975149271689945,0.0,0.0,0.0,0.0004376747296943657,0.999999904220411,-6.728270831328371e-05,0.00022229422982725653,0.0,0.0,0.0,-0.0001577110484015663,1477,1530
-3.7410172375443844e-05,-0.0015997185855992188,0.0,0.0,0.0,0.0004569263372696587,0.9999998956091557,0.0029441790653155133,-0.0015370290012403209,0.0,0.0,0.0,0.0005780743326520359,1477,1530
-0.00019041634419821095,-0.0016201465461658042,0.0,0.0,0.0,0.0004892151570778521,0.9999998803342579,-0.0015307682219699397,-0.00020295027261141651,0.0,0.0,0.0,0.0006459961070171746,1477,1530
-0.00027793205051955755,-0.00156334052497938,0.0,0.0,0.0,0.0004768530818407346,0.9999998863055627,-0.0006554311985575212,0.0004263492832325634,0.0,0.0,0.0,-0.00018528431236824967,1477,1530
-0.0002180852464681592,-0.0017887437555914295,0.0,0.0,0.0,0.0005281981697563753,0.999999860503337,0.0017809045636273252,-0.006733371292650002,0.0,0.0,0.0,0.0030668435301553403,1477,1530
-0.00021017371294021622,-0.0015360401969037995,0.0,0.0,0.0,0.000445458618125134,0.9999999007833049,4.0820372994431266e-05,0.0012612491950134723,0.0,0.0,0.0,-0.000825937833375645,1477,1530
-0.00021017371294021622,-0.0015360401969037995,0.0,0.0,0.0,0.000445458618125134,0.9999999007833049,4.0820372994431266e-05,0.0012612491950134723,0.0,0.0,0.0,-0.000825937833375645,1477,1530
-0.00015947492552309113,-0.0016373619226402836,0.0,0.0,0.0,0.0005071853175766699,0.9999998713815185,0.0007637404628991986,-0.0015297424535848185,0.0,0.0,0.0,0.001863054039131231,1477,1530
-0.00015947492552309113,-0.0016373619226402836,0.0,0.0,0.0,0.0005071853175766699,0.9999998713815185,0.0007637404628991986,-0.0015297424535848185,0.0,0.0,0.0,0.001863054039131231,1477,1530
-0.0002378444939363904,-0.0014575833982885006,0.0,0.0,0.0,0.00041776991594553775,0.9999999127341449,-0.0011763482993067708,0.0027060140167768356,0.0,0.0,0.0,-0.0026905609214968236,1477,1530
-0.0003066450510350951,-0.00130943937034216,0.0,0.0,0.0,0.0003828795350045341,0.9999999267016282,-0.00020590692032735532,0.00044433822690881386,0.0,0.0,0.0,-0.00020921698141688564,1477,1530
-0.00017101559326925805,-0.0014481943579653766,0.0,0.0,0.0,0.0004269347988151238,0.9999999088633347,0.0010062306221798544,-0.0010309970480605803,0.0,0.0,0.0,0.0006542019454623884,1477,1530
-0.00017101559326925805,-0.0014481943579653766,0.0,0.0,0.0,0.0004269347988151238,0.9999999088633347,0.0010062306221798544,-0.0010309970480605803,0.0,0.0,0.0,0.0006542019454623884,1477,1530
-0.00020751017929261827,-0.0014180743651229677,0.0,0.0,0.0,0.00041888709324403484,0.9999999122667976,-0.0011267991402921754,0.0009315972030560798,0.0,0.0,0.0,-0.0004973092099925647,1477,1530
-0.0001118565467591928,-0.0012472205213263554,0.0,0.0,0.0,0.0003768228696255752,0.9999999290022599,0.0009607920876664009,0.0017127720267711658,0.0,0.0,0.0,-0.0008437652084789234,1477,1530
-0.00017727789028424874,-0.0017818846825499745,0.0,0.0,0.0,0.0005206207007212688,0.9999998644770338,-0.0004943914939268941,-0.004015372345845283,0.0,0.0,0.0,0.002160067374696991,1477,1530
-0.0001478707229159981,-0.001382421389475605,0.0,0.0,0.0,0.0003973442292793144,0.9999999210587786,0.00014878811160248464,0.0019927781708868964,0.0,0.0,0.0,-0.0012300587127598175,1477,1530
-0.00015585866074740255,-0.0017115354536902426,0.0,0.0,0.0,0.0005150692395537866,0.9999998673518304,-0.0001232479522638486,-0.004916897426875367,0.0,0.0,0.0,0.0035176449135345855,1477,1530
-0.00025182049258760773,-0.0012518895311275217,0.0,0.0,0.0,0.00036586380836997823,0.9999999330718347,-0.0009607143564916565,0.004625522246439563,0.0,0.0,0.0,-0.0030023330665606956,1477,1530
-0.00025182049258760773,-0.0012518895311275217,0.0,0.0,0.0,0.00036586380836997823,0.9999999330718347,-0.0009607143564916565,0.004625522246439563,0.0,0.0,0.0,-0.0030023330665606956,1477,1530
-0.00025147001732214676,-0.0014173690039072549,0.0,0.0,0.0,0.0004002801226070041,0.9999999198879085,1.7218961221887965e-06,-0.0012421627915777638,0.0,0.0,0.0,0.0005166878111549639,1477,1530
-0.00017520186228695028,-0.0012472554707764066,0.0,0.0,0.0,0.0003622482401559152,0.9999999343881041,0.0007639896878826394,0.0017004051853394375,0.0,0.0,0.0,-0.0007605844632558788,1477,1530
-0.0002397653896091431,-0.0011724126912965975,0.0,0.0,0.0,0.00036178520642386633,0.9999999345557301,-0.0006442360365803427,0.0007479006509615764,0.0,0.0,0.0,-9.248374909182008e-06,1477,1530
-0.00021390832285479765,-0.0013812982072698144,0.0,0.0,0.0,0.0004009173032438645,0.9999999196326548,0.0002570231829185819,-0.0020887492820907106,0.0,0.0,0.0,0.0007825324386180844,1477,1530
-0.00020855698431079055,-0.0010964680804944503,0.0,0.0,0.0,0.0003429898639967468,0.9999999411789748,3.346281400218075e-05,0.0017081618788268992,0.0,0.0,0.0,-0.0006948069283444769,1477,1530
-0.00026168112504252667,-0.0016368878265502315,0.0,0.0,0.0,0.00046142628326554413,0.9999998935428869,-0.0005347559398723112,-0.005401887088869462,0.0,0.0,0.0,0.002367876137409354,1477,1530
-0.00033919857915693245,-0.0014245501889327428,0.0,0.0,0.0,0.0004486802672405971,0.9999998993430038,-0.0011247740136198726,0.0030898563419636724,0.0,0.0,0.0,-0.0003708255947972006,1477,1530
-0.00017516560693105435,-0.001379419324117537,0.0,0.0,0.0,0.00039750595960588356,0.999999920994503,0.000996643329938844,0.0002732475425719192,0.0,0.0,0.0,-0.00062170388879353,1477,1530
-0.00017516560693105435,-0.001379419324117537,0.0,0.0,0.0,0.00039750595960588356,0.999999920994503,0.000996643329938844,0.0002732475425719192,0.0,0.0,0.0,-0.00062170388879353,1477,1530
-0.00018473940894199987,-0.0016583075154985507,0.0,0.0,0.0,0.00047341145095648333,0.9999998879407928,-0.0002959460528768834,-0.00842564705761826,0.0,0.0,0.0,0.004586573521417294,1477,1530
-0.0001763075756849657,-0.0013882840846412233,0.0,0.0,0.0,0.000420161457410447,0.999999911732171,4.3408602366003874e-05,0.0013491794275354364,0.0,0.0,0.0,-0.0005321461112559663,1477,1530
-0.0001705427654555968,-0.001293330901639139,0.0,0.0,0.0,0.00036501518309286243,0.9999999333819558,0.00017529240964695228,0.0028477087509787263,0.0,0.0,0.0,-0.0033079166544507104,1477,1530
-0.000206952316596329,-0.0014464661976159347,0.0,0.0,0.0,0.00042675523482198886,0.9999999089399807,-0.0027661170271261245,-0.004982799044157346,0.0,0.0,0.0,0.004219174280687193,1477,1530
-0.000206952316596329,-0.0014464661976159347,0.0,0.0,0.0,0.00042675523482198886,0.9999999089399807,-0.0027661170271261245,-0.004982799044157346,0.0,0.0,0.0,0.004219174280687193,1477,1530
-0.0001680313607393801,-0.0012430333426513551,0.0,0.0,0.0,0.0003780754879990292,0.9999999285294601,0.0005082765366360692,0.0010619675912650647,0.0,0.0,0.0,4.1508680787405944e-05,1477,1530
-0.0001680313607393801,-0.0012430333426513551,0.0,0.0,0.0,0.0003780754879990292,0.9999999285294601,0.0005082765366360692,0.0010619675912650647,0.0,0.0,0.0,4.1508680787405944e-05,1477,1530
-0.00026999818643114187,-0.0014760371197064354,0.0,0.0,0.0,0.00045731320105624017,0.9999998954323126,-0.00038302852403741605,-0.0008734573113570378,0.0,0.0,0.0,0.0005942710138842395,1477,1530
-0.00026999818643114187,-0.0014760371197064354,0.0,0.0,0.0,0.00045731320105624017,0.9999998954323126,-0.00038302852403741605,-0.0008734573113570378,0.0,0.0,0.0,0.0005942710138842395,1477,1530
-0.00013529121179836458,-0.0015309879669786574,0.0,0.0,0.0,0.0004491625463216169,0.9999998991264984,0.0008075749289220165,-0.00033029489169228833,0.0,0.0,0.0,-9.77636776784262e-05,1477,1530
-0.0001946835259224916,-0.0011240728203532817,0.0,0.0,0.0,0.00032606764658126247,0.9999999468399435,-0.0017744400453861056,0.012234130047745893,0.0,0.0,0.0,-0.007400866301183427,1477,1530
-0.00023121742136975298,-0.0017812184585579184,0.0,0.0,0.0,0.0004952468865641121,0.9999998773652531,-0.0011119531758769356,-0.01976840869491568,0.0,0.0,0.0,0.010178950912591111,1477,1530
-0.0002878470557424901,-0.0013176226222672766,0.0,0.0,0.0,0.00039487871944602845,0.9999999220353954,-0.00024055544408814345,0.001985634874807457,0.0,0.0,0.0,-0.0008596735539347061,1477,1530
-0.00015995794892046888,-0.0014155109931904002,0.0,0.0,0.0,0.0004271446809087335,0.9999999087737067,0.0019176845695454984,-0.0014702297373014395,0.0,0.0,0.0,0.0009682355079254234,1477,1530
-0.00014606531903972223,-0.0013429395394974127,0.0,0.0,0.0,0.0003907973289662948,0.9999999236387209,0.0004185298370361753,0.002176220949146953,0.0,0.0,0.0,-0.002180274427215899,1477,1530
-0.00017028100555267246,-0.001080387686476726,0.0,0.0,0.0,0.0003522228430429099,0.9999999379695326,-0.00018001686926957084,0.001968606000009595,0.0,0.0,0.0,-0.0005784192200905802,1477,1530
-0.00021674366869619605,-0.000979903160226385,0.0,0.0,0.0,0.0002679902675546007,0.9999999640906075,-0.0004637934330578397,0.0010049009941167741,0.0,0.0,0.0,-0.0016841968561240957,1477,1530
-0.00019557234440611347,-0.0012111552622315208,0.0,0.0,0.0,0.00034502185080423613,0.9999999404799594,0.00020536027542353478,-0.0022564485921159234,0.0,0.0,0.0,0.0015032020062621123,1477,1530
-0.00010119142068709631,-0.0015139298013571204,0.0,0.0,0.0,0.00044056473281824137,0.9999999029513534,0.000966005104296992,-0.003106493178498229,0.0,0.0,0.0,0.001960135594351561,1477,1530
-0.00016983363728998753,-0.0016174216791741004,0.0,0.0,0.0,0.0004676908453722749,0.9999998906326306,-0.0010333515701797245,-0.0015550079676498465,0.0,0.0,0.0,0.0008156390392746248,1477,1530
-0.0001939850183129003,-0.0013074183998915293,0.0,0.0,0.0,0.00038368727331328695,0.9999999263920355,-0.00017876251374819663,0.002322620705739021,0.0,0.0,0.0,-0.0012586597282921849,1477,1530
-0.0001939850183129003,-0.0013074183998915293,0.0,0.0,0.0,0.00038368727331328695,0.9999999263920355,-0.00017876251374819663,0.002322620705739021,0.0,0.0,0.0,-0.0012586597282921849,1477,1530
-0.00013406630109697435,-0.0014373337150091537,0.0,0.0,0.0,0.000436171642582265,0.9999999048771445,0.0002990785800543338,-0.0006497705474273502,0.0,0.0,0.0,0.0005248148717890552,1477,1530
-0.0002268254349881342,-0.0016439396477241656,0.0,0.0,0.0,0.000465738408918063,0.9999998915438614,-0.0027565348759651725,-0.00612542817366651,0.0,0.0,0.0,0.0017538717130693262,1477,1530
-0.00024059601643147693,-0.001555497354313459,0.0,0.0,0.0,0.000424754503859967,0.9999999097918016,-6.848274213386766e-05,0.0004425453627625926,0.0,0.0,0.0,-0.0004100892455588566,1477,1530
-0.00011594369885218624,-0.0017891443206025956,0.0,0.0,0.0,0.0005009713775656452,0.9999998745138315,0.0037292876488093226,-0.007004458085782007,0.0,0.0,0.0,0.00456771436022822,1477,1530
-0.00011594369885218624,-0.0017891443206025956,0.0,0.0,0.0,0.0005009713775656452,0.9999998745138315,0.0037292876488093226,-0.007004458085782007,0.0,0.0,0.0,0.00456771436022822,1477,1530
-0.00027317483549505926,-0.0016037615613121734,0.0,0.0,0.0,0.00046055732896810184,0.9999998939434677,-0.0011805433054113213,0.0013947454882957805,0.0,0.0,0.0,-0.0006076022079536763,1477,1530
-0.0002138237655146111,-0.0011474538377082356,0.0,0.0,0.0,0.00032293096303304087,0.9999999478577952,0.0005977255194137794,0.0045626198613128634,0.0,0.0,0.0,-0.0027525825750419914,1477,1530
-0.0002451811168209244,-0.0014088720719119907,0.0,0.0,0.0,0.0004044533212079657,0.9999999182087521,-0.0001893578283476224,-0.0015700518178978265,0.0,0.0,0.0,0.0009793064267975661,1477,1530
-0.0002385995937562645,-0.0013092013036706332,0.0,0.0,0.0,0.00036658201092434347,0.9999999328088124,6.558585191138724e-05,0.0009811615766574199,0.0,0.0,0.0,-0.0007456524102643924,1477,1530
-0.0002928707038099645,-0.0013617467148620654,0.0,0.0,0.0,0.000391181578806691,0.9999999234884833,-0.000550947196246,-0.0005326462840115113,0.0,0.0,0.0,0.000499103619500651,1477,1530
-0.00016206756996150598,-0.0016711919046315232,0.0,0.0,0.0,0.0004927028383069548,0.9999998786219492,0.001303003945303617,-0.0030892957146703764,0.0,0.0,0.0,0.0020263726403928137,1477,1530
-0.00030158154194825676,-0.0015592170291797208,0.0,0.0,0.0,0.0004709640549669464,0.9999998890964233,-0.0010470292138206093,0.0008420505845631961,0.0,0.0,0.0,-0.00032655038773941257,1477,1530
-0.00020958440942705968,-0.0011786660956323147,0.0,0.0,0.0,0.0003301269148657152,0.9999999455081086,0.001342201504044115,0.005529278292869134,0.0,0.0,0.0,-0.004093567732411883,1477,1530
-0.000350371123946107,-0.0010478729851254465,0.0,0.0,0.0,0.0003166473540451939,0.9999999498672254,-0.0010721985519996171,0.0009974093316917696,0.0,0.0,0.0,-0.00020544040853270434,1477,1530
-0.00021989089705291663,-0.001307182296353966,0.0,0.0,0.0,0.00038134262622505766,0.9999999272888981,0.0013024044206512318,-0.0025924153157368623,0.0,0.0,0.0,0.0012931554915324688,1477,1530
-0.00021338375989283733,-0.0013200518986333516,0.0,0.0,0.0,0.00038053397507089936,0.9999999275969442,6.498944548502347e-05,-0.00012877780878740416,0.0,0.0,0.0,-1.6177068523760767e-05,1477,1530
-0.00022076949562438526,-0.0017015447504807285,0.0,0.0,0.0,0.00048804564865993387,0.9999998809057153,-7.663736937806374e-05,-0.003808739133156034,0.0,0.0,0.0,0.0021467773598997557,1477,1530
-4.997308616936047e-05,-0.0018698889866702556,0.0,0.0,0.0,0.0005120313038902356,0.9999998689119634,0.001281319291781088,-0.0012653911110184375,0.0,0.0,0.0,0.0003602288554730567,1477,1530
-0.00026533529787604307,-0.0011718145148623391,0.0,0.0,0.0,0.0003529563879339856,0.9999999377108922,-0.0016091341143143834,0.005234867272872786,0.0,0.0,0.0,-0.0023850566421122076,1477,1530
-0.00018406752716866885,-0.0019171081301633595,0.0,0.0,0.0,0.0005578667320672454,0.9999998443923425,0.002438145857197257,-0.022507271335921123,0.0,0.0,0.0,0.012375308872264498,1477,1530
-0.0002655350173479001,-0.0015031180855343703,0.0,0.0,0.0,0.00045326301011776776,0.9999998972763166,-0.00040471605362190326,0.0020688104306674504,0.0,0.0,0.0,-0.0010452325227029919,1477,1530
-0.00017186628635907627,-0.0006938626552549414,0.0,0.0,0.0,0.00022394414120491314,0.9999999749245105,0.0009443252193706335,0.008094292019720813,0.0,0.0,0.0,-0.004587845721659528,1477,1530
-0.00013860542268313982,-0.0017150394873862208,0.0,0.0,0.0,0.0005135932182915801,0.9999998681109944,0.00024591057613343437,-0.007655339191999571,0.0,0.0,0.0,0.004342695339348043,1477,1530
-0.00014359578792134983,-0.0011788430949216098,0.0,0.0,0.0,0.00034761890365447596,0.9999999395805471,-0.00013298553248470706,0.016061623401204286,0.0,0.0,0.0,-0.009943345881451862,1477,1530
-0.00014359578792134983,-0.0011788430949216098,0.0,0.0,0.0,0.00034761890365447596,0.9999999395805471,-0.00013298553248470706,0.016061623401204286,0.0,0.0,0.0,-0.009943345881451862,1477,1530
-0.0002274808089621214,-0.0013415909711992796,0.0,0.0,0.0,0.0004136145198999056,0.9999999144615108,-0.0012077202231087257,-0.0023391398672995296,0.0,0.0,0.0,0.0018977619585588258,1477,1530
-0.0001825810642423447,-0.001483870258081541,0.0,0.0,0.0,0.0004443799466232136,0.9999999012632267,0.0002733662062505643,-0.0008687522086863827,0.0,0.0,0.0,0.0003756072880187259,1477,1530
-0.0001509289532749583,-0.0014482306747453772,0.0,0.0,0.0,0.0004216142495434874,0.9999999111207083,0.00047636176172166655,0.0005354137319044346,0.0,0.0,0.0,-0.0006845591536078266,1477,1530
-0.00018806931715428086,-0.0015039871798025247,0.0,0.0,0.0,0.000465236498421133,0.9999998917774944,-0.0003718067362392887,-0.000557151386992818,0.0,0.0,0.0,0.0008722880512688838,1477,1530
-0.00019545870287639183,-0.0015236349946847608,0.0,0.0,0.0,0.00044169649931012514,0.9999999024520965,-7.401299165254053e-05,-0.00019624054067262161,0.0,0.0,0.0,-0.0004703954904714881,1477,1530
-0.00025203748657063663,-0.001259246939336581,0.0,0.0,0.0,0.0003820671435999557,0.9999999270123462,-0.0005634351277806536,0.0026443000058267566,0.0,0.0,0.0,-0.0011925514382893942,1477,1530
-0.00026554802675925345,-0.001315349339142776,0.0,0.0,0.0,0.00036263709376927047,0.9999999342471669,-0.00020103243905076593,-0.0008319918652134011,0.0,0.0,0.0,-0.0005763968963265188,1477,1530
-0.00026554802675925345,-0.001315349339142776,0.0,0.0,0.0,0.00036263709376927047,0.9999999342471669,-0.00020103243905076593,-0.0008319918652134011,0.0,0.0,0.0,-0.0005763968963265188,1477,1530
-0.00012064287265139449,-0.0016705363609409878,0.0,0.0,0.0,0.00048503869209018125,0.9999998823687267,0.0006221639032669741,-0.0015281968951099544,0.0,0.0,0.0,0.0010529578270617418,1477,1530
-5.3825136718722735e-05,-0.0014299382124889372,0.0,0.0,0.0,0.00043070617565606775,0.9999999072460908,0.0005021614176243113,0.0018014096002825334,0.0,0.0,0.0,-0.0008138179683114706,1477,1530
-0.00018713641649263627,-0.0011118544030804096,0.0,0.0,0.0,0.00034495917065573004,0.9999999405015835,-0.004023506094558726,0.00962342438732137,0.0,0.0,0.0,-0.005186572591581059,1477,1530
-0.00010986838334238553,-0.0016452893585685558,0.0,0.0,0.0,0.000470363949680969,0.9999998893788713,0.0005760255595325718,-0.003996135887851813,0.0,0.0,0.0,0.0018787093609651103,1477,1530
-0.0003686124096424551,-0.0017854412279193015,0.0,0.0,0.0,0.0005309822834964126,0.9999998590288974,-0.00388445706393542,-0.0020993397700964766,0.0,0.0,0.0,0.0018191687589372981,1477,1530
-0.00024206478062216053,-0.0015538202335768443,0.0,0.0,0.0,0.000460483336717838,0.9999998939775426,0.0009509966542137198,0.00173623103089312,0.0,0.0,0.0,-0.0010575345638523593,1477,1530
2.1450308669942883e-05,-0.001070046560741195,0.0,0.0,0.0,0.00028817893883010463,0.9999999584764487,0.001950927693429195,0.0035737677685344473,0.0,0.0,0.0,-0.0025469979204770024,1477,1530
-1.3555582678857971e-05,-0.0010787963183494663,0.0,0.0,0.0,0.0002737745676104456,0.9999999625237423,-0.0005419480592867252,-0.00013512863741960902,0.0,0.0,0.0,-0.0004459419766534526,1477,1530
-2.3759079934677906e-05,-0.0008714101811124615,0.0,0.0,0.0,0.00024128445888600534,0.9999999708909045,-7.557612432620804e-05,0.0015534143757605927,0.0,0.0,0.0,-0.000486717697162677,1477,1530
-0.00011281461861474804,-0.001211917588483671,0.0,0.0,0.0,0.00034207351231563076,0.9999999414928544,-0.0008917525896756711,-0.0034029424516750432,0.0,0.0,0.0,0.0020147737648983483,1477,1530
-0.00011281461861474804,-0.001211917588483671,0.0,0.0,0.0,0.00034207351231563076,0.9999999414928544,-0.0008917525896756711,-0.0034029424516750432,0.0,0.0,0.0,0.0020147737648983483,1477,1530
4.619388869032654e-05,-0.0010495095230350672,0.0,0.0,0.0,0.00028735636611766755,0.9999999587131585,0.0023857082189722486,0.0024333814451875852,0.0,0.0,0.0,-0.0016407679172145396,1477,1530
6.292791372728213e-05,-0.0011530830982894493,0.0,0.0,0.0,0.00029034219352655315,0.9999999578507044,0.00010011105441529337,-0.0006218970665605943,0.0,0.0,0.0,3.5852876242097633e-05,1477,1530
-2.4909276063303024e-05,-0.0012750642948106676,0.0,0.0,0.0,0.0003623618270746318,0.999999934346951,-0.0008794406462132589,-0.0012198018214764907,0.0,0.0,0.0,0.0014409835499881588,1477,1530
7.89128549496275e-06,-0.0010651341222409744,0.0,0.0,0.0,0.0003027916733866284,0.9999999541586002,0.00019753798651355023,0.00125830308720455,0.0,0.0,0.0,-0.0007141976771675138,1477,1530
1.745053066266209e-05,-0.0014956213830860337,0.0,0.0,0.0,0.0004362315606187938,0.9999999048510082,0.00027895921491157493,-0.012914918274020417,0.0,0.0,0.0,0.008006473827439622,1477,1530
5.145758417811907e-05,-0.0010401206332677979,0.0,0.0,0.0,0.00031557538406463726,0.9999999502060872,0.00020588521073941368,0.0027256569615467198,0.0,0.0,0.0,-0.0014440762976471073,1477,1530
0.00012013253103865625,-0.0014340185585417437,0.0,0.0,0.0,0.0003858101876986906,0.9999999255752468,0.0006877017509189778,-0.003959207950375638,0.0,0.0,0.0,0.0014117549328577811,1477,1530
3.2300735681671736e-05,-0.0013673488995438843,0.0,0.0,0.0,0.0003674624103414503,0.9999999324856862,-0.0008622398265907553,0.0006555415937157279,0.0,0.0,0.0,-0.0003604494603964338,1477,1530
-0.0001044712009917525,-0.0012467668001542075,0.0,0.0,0.0,0.000352885578026512,0.9999999377358825,-0.001392056880325327,0.0012290970781547127,0.0,0.0,0.0,-0.00029691679757288533,1477,1530
-0.0001044712009917525,-0.0012467668001542075,0.0,0.0,0.0,0.000352885578026512,0.9999999377358825,-0.001392056880325327,0.0012290970781547127,0.0,0.0,0.0,-0.00029691679757288533,1477,1530
3.349729497250144e-05,-0.0012206900795048257,0.0,0.0,0.0,0.00034807553892047486,0.9999999394217077,0.0013786829906124861,0.00025957016941403774,0.0,0.0,0.0,-9.611812644021643e-05,1477,1530
3.891373440364305e-06,-0.0012239786440630099,0.0,0.0,0.0,0.00035076493586282576,0.999999938481978,-0.00014819588317719885,-1.6356860761421694e-05,0.0,0.0,0.0,2.692210466466242e-05,1477,1530
4.372089728318431e-05,-0.0010561691949556563,0.0,0.0,0.0,0.00030800893407471614,0.9999999525652471,0.0005971722034255799,0.0025081691364711323,0.0,0.0,0.0,-0.0012783210481586366,1477,1530
5.430672667327959e-05,-0.0014236928665159374,0.0,0.0,0.0,0.0003996472239453799,0.999999920141045,0.00010359633436309516,-0.0036753747363592153,0.0,0.0,0.0,0.0018328025662666864,1477,1530
8.263903807242606e-05,-0.00042490279697646443,0.0,0.0,0.0,9.88510157415312e-05,0.9999999951142383,0.00017495243199782258,0.005998385071005082,0.0,0.0,0.0,-0.0036130375379314437,1477,1530
3.999462179029104e-05,-0.0011552968926160207,0.0,0.0,0.0,0.0003202626668932967,0.9999999487159108,-0.0006409637318111791,-0.010940959756695796,0.0,0.0,0.0,0.006633361434951323,1477,1530
8.76535168206471e-05,-0.0011452790044112508,0.0,0.0,0.0,0.00032006216986826954,0.9999999487801023,0.0002857923287423859,5.988235864359786e-05,0.0,0.0,0.0,-2.4042862318460645e-06,1477,1530
4.6046858253521074e-05,-0.0012914506452429508,0.0,0.0,0.0,0.0003661024951061451,0.9999999329844793,-0.0006254719973459448,-0.0021920650585066023,0.0,0.0,0.0,0.0013811407810192348,1477,1530
-5.294796555206777e-05,-0.0011417695725289242,0.0,0.0,0.0,0.00032240526103785003,0.9999999480274225,-0.000990436699196657,0.0014999350670006606,0.0,0.0,0.0,-0.0008753452853998636,1477,1530
6.315882985076976e-05,-0.0009213982354453248,0.0,0.0,0.0,0.0002620906739888814,0.9999999656542388,0.0011598905353497233,0.0021980406328929772,0.0,0.0,0.0,-0.0012035957374928632,1477,1530
6.315882985076976e-05,-0.0009213982354453248,0.0,0.0,0.0,0.0002620906739888814,0.9999999656542388,0.0011598905353497233,0.0021980406328929772,0.0,0.0,0.0,-0.0012035957374928632,1477,1530
4.950212171735696e-05,-0.0008503051041986291,0.0,0.0,0.0,0.00021892676305827044,0.9999999760355359,-0.00013646870775382267,0.0007124347946486186,0.0,0.0,0.0,-0.0008650169274031753,1477,1530
-5.07863221506733e-05,-0.0011957774907126986,0.0,0.0,0.0,0.00032542851695676836,0.9999999470481388,-0.0006021312088436408,-0.0020708270141547025,0.0,0.0,0.0,0.0012769459038572417,1477,1530
-4.3299315476824284e-05,-0.0010772176434662006,0.0,0.0,0.0,0.00030224597822815324,0.9999999543236833,0.0001134024556157139,0.0017773822248799412,0.0,0.0,0.0,-0.0006951077889336503,1477,1530
0.00012111135996540237,-0.0010360897222518534,0.0,0.0,0.0,0.00027407190361404305,0.9999999624422952,0.0009864571811651075,0.00024613228374160094,0.0,0.0,0.0,-0.0003380354997635181,1477,1530
2.289447751954455e-05,-0.0008373046785985341,0.0,0.0,0.0,0.00025780476242685124,0.9999999667683517,-0.0029518565683024317,0.005982634816570459,0.0,0.0,0.0,-0.0009788868553307166,1477,1530
4.414772665827133e-05,-0.001190270827801088,0.0,0.0,0.0,0.0003376820940756595,0.9999999429854001,0.00012654571536518892,-0.0021198422966728497,0.0,0.0,0.0,0.0009594241236400126,1477,1530
-8.044980919812833e-05,-0.001358118182689695,0.0,0.0,0.0,0.00037515102396925627,0.9999999296308522,-0.0012471710138205955,-0.0016777155647858108,0.0,0.0,0.0,0.0007494161161440558,1477,1530
4.5732388954302186e-05,-0.0013004027227015017,0.0,0.0,0.0,0.0003671938869223788,0.9999999325843225,0.0018875682895662805,0.0008616576293159748,0.0,0.0,0.0,-0.00023798114591870985,1477,1530
4.5732388954302186e-05,-0.0013004027227015017,0.0,0.0,0.0,0.0003671938869223788,0.9999999325843225,0.0018875682895662805,0.0008616576293159748,0.0,0.0,0.0,-0.00023798114591870985,1477,1530
0.00012700917119195168,-0.001234811970428604,0.0,0.0,0.0,0.00033615612293758947,0.9999999434995289,0.00024671944642107606,-0.0011655208232458883,0.0,0.0,0.0,0.0005219286282928756,1477,1530
3.116644347532694e-05,-0.0013131095787459622,0.0,0.0,0.0,0.0003571842284666626,0.9999999362097115,-0.002896440331457913,-0.0023629682972716695,0.0,0.0,0.0,0.0012702734560524353,1477,1530
9.54832826897822e-06,-0.001089590426827542,0.0,0.0,0.0,0.0003041201467200371,0.9999999537554671,-0.00016073011451755257,0.0016743407650864673,0.0,0.0,0.0,-0.0007949318327074379,1477,1530
9.54832826897822e-06,-0.001089590426827542,0.0,0.0,0.0,0.0003041201467200371,0.9999999537554671,-0.00016073011451755257,0.0016743407650864673,0.0,0.0,0.0,-0.0007949318327074379,1477,1530
-1.7304155201476046e-05,-0.001237193512543946,0.0,0.0,0.0,0.00035715015286317923,0.9999999362218821,-0.0002694414273334055,-0.0014759705744541254,0.0,0.0,0.0,0.0010606744276721511,1477,1530
0.00011369870350543768,-0.001294295449234738,0.0,0.0,0.0,0.0003682306498800509,0.9999999322030919,0.0009828295486545389,-0.0004292345028100075,0.0,0.0,0.0,0.00016631141081410814,1477,1530
-6.829274557284217e-05,-0.0013874875173964104,0.0,0.0,0.0,0.00041922611692695176,0.9999999121247276,-0.0027248377171509987,-0.0013927712824828317,0.0,0.0,0.0,0.001526467738772282,1477,1530
-8.769909965857088e-05,-0.001098919981929039,0.0,0.0,0.0,0.0002976480106005613,0.99999995570283,-0.00019204149780952068,0.002891823127224123,0.0,0.0,0.0,-0.002436606052764419,1477,1530
-4.90352060013518e-05,-0.0013509093442446685,0.0,0.0,0.0,0.00039412848645092196,0.999999922331365,0.0001646398829908706,-0.0010773072660263273,0.0,0.0,0.0,0.0008248733072526485,1477,1530
-4.90352060013518e-05,-0.0013509093442446685,0.0,0.0,0.0,0.00039412848645092196,0.999999922331365,0.0001646398829908706,-0.0010773072660263273,0.0,0.0,0.0,0.0008248733072526485,1477,1530
-2.0497472264026507e-05,-0.0014257973774303907,0.0,0.0,0.0,0.00041579406442893336,0.9999999135576443,0.00028596224343670136,-0.0007521965777925263,0.0,0.0,0.0,0.0004350998554709618,1477,1530
6.207532677118341e-05,-0.0013013475049085516,0.0,0.0,0.0,0.00035062148720865815,0.9999999385322844,0.000826547712712126,0.0012434883224098912,0.0,0.0,0.0,-0.0013031128300824038,1477,1530
9.508439576486359e-05,-0.0011623092794239664,0.0,0.0,0.0,0.0003361632790866783,0.9999999434971233,0.0003314666791869724,0.0013918345590448124,0.0,0.0,0.0,-0.0002895144920162598,1477,1530
-1.5318159976204313e-05,-0.0015028589455786273,0.0,0.0,0.0,0.00042710507470902943,0.9999999087906235,-0.0008283714432533641,-0.0025493651405838797,0.0,0.0,0.0,0.0013618833294786166,1477,1530
2.5245597387175033e-05,-0.0014664328558407565,0.0,0.0,0.0,0.00043638445417428537,0.9999999047842996,0.0006100728587926182,0.0005469023080234698,0.0,0.0,0.0,0.0002789071498778444,1477,1530
1.2919108421058172e-05,-0.001823188098375787,0.0,0.0,0.0,0.0005356203923974084,0.9999998565553874,-0.00019004284399013626,-0.005364576668946486,0.0,0.0,0.0,0.002984539844230111,1477,1530
0.00017463467447909853,-0.001726849067433417,0.0,0.0,0.0,0.0004924375724621689,0.9999998787526113,0.0012121067516100833,0.0007203318255911242,0.0,0.0,0.0,-0.0006469240255604018,1477,1530
0.0002344366337601087,-0.001446940812921844,0.0,0.0,0.0,0.00038292559743394286,0.9999999266839907,0.0008984373166488072,0.004185036733057605,0.0,0.0,0.0,-0.00327541866495378,1477,1530
9.259760487723021e-05,-0.0015852124917408456,0.0,0.0,0.0,0.00046910691183630373,0.9999998899693465,-0.0008521993648605627,-0.0008294940093964904,0.0,0.0,0.0,0.0010348195234580059,1477,1530
0.00010824160754389735,-0.0018269684338041228,0.0,0.0,0.0,0.0005310392042747215,0.9999998589986718,0.0004624366969479118,-0.007251882572331816,0.0,0.0,0.0,0.00371530640706228,1477,1530
7.657129063755043e-07,-0.0018280747504359183,0.0,0.0,0.0,0.0005559348034680508,0.9999998454682352,-0.000645515315591734,-5.959039728933904e-06,0.0,0.0,0.0,0.00029904987288987325,1477,1530
3.293712619605567e-05,-0.0017376250898705535,0.0,0.0,0.0,0.0005046051388779249,0.9999998726868188,0.0004833302623432671,0.001354108645272804,0.0,0.0,0.0,-0.001537507017816989,1477,1530
0.00015413574739758042,-0.0017618461119688685,0.0,0.0,0.0,0.0005123659609180695,0.9999998687405524,0.0012117169194563438,-0.0002434283778553268,0.0,0.0,0.0,0.0001552133566007875,1477,1530
7.359104914761769e-06,-0.0014372005140660003,0.0,0.0,0.0,0.0004199068507265271,0.9999999118391144,-0.0010968347433303503,0.002432654264635897,0.0,0.0,0.0,-0.001384999739919063,1477,1530
6.350940639030585e-05,-0.0016508263386695256,0.0,0.0,0.0,0.0004948182359155209,0.9999998775774492,0.0016859713174237631,-0.006436318605281152,0.0,0.0,0.0,0.004513006384206743,1477,1530
6.216126929378782e-05,-0.0013520458087757686,0.0,0.0,0.0,0.00041664862931585045,0.9999999132019561,-7.905448532194694e-06,0.0022442854183831133,0.0,0.0,0.0,-0.001174335080862367,1477,1530
-5.51882793738966e-05,-0.0013080051484741532,0.0,0.0,0.0,0.0003974343001544042,0.9999999210229854,-0.0017526377674838098,0.0006594223061143222,0.0,0.0,0.0,-0.0005741190932188304,1477,1530
-5.51882793738966e-05,-0.0013080051484741532,0.0,0.0,0.0,0.0003974343001544042,0.9999999210229854,-0.0017526377674838098,0.0006594223061143222,0.0,0.0,0.0,-0.0005741190932188304,1477,1530
8.424083271129996e-05,-0.001800179018518683,0.0,0.0,0.0,0.0005200150186186818,0.9999998647921811,0.000834290533165266,-0.0029539317530767753,0.0,0.0,0.0,0.0014710805756989777,1477,1530
-8.700707613074926e-05,-0.0018371189152394537,0.0,0.0,0.0,0.0005638805765611112,0.999999841019335,-0.001713822088597595,-0.00036782371925870173,0.0,0.0,0.0,0.0008778028570739612,1477,1530
0.00011357012795775986,-0.0014711024133055618,0.0,0.0,0.0,0.0004282538686796427,0.9999999082993077,0.0010012795886256318,0.0018222717043670546,0.0,0.0,0.0,-0.0013513146742918614,1477,1530
0.00010998276897121502,-0.0018489650551761438,0.0,0.0,0.0,0.0005448697340924736,0.9999998515584755,-0.00011981863047806884,-0.011576221030883797,0.0,0.0,0.0,0.00714536190794131,1477,1530
-9.970984629294264e-05,-0.001280882396114409,0.0,0.0,0.0,0.0003862945213411308,0.9999999253882687,-0.0012547090802607222,0.003410594859531874,0.0,0.0,0.0,-0.001903310061630984,1477,1530
1.0651620610610134e-07,-0.001913994646007311,0.0,0.0,0.0,0.0005427099116205692,0.9999998527329651,0.0005957403760509776,-0.0037977147224819794,0.0,0.0,0.0,0.0018762831502061564,1477,1530
5.370169293661511e-05,-0.0018430451799423572,0.0,0.0,0.0,0.000568671820117735,0.9999998383061675,0.000537355630692963,0.0007097500151398702,0.0,0.0,0.0,0.0005198516750445245,1477,1530
5.370169293661511e-05,-0.0018430451799423572,0.0,0.0,0.0,0.000568671820117735,0.9999998383061675,0.000537355630692963,0.0007097500151398702,0.0,0.0,0.0,0.0005198516750445245,1477,1530
0.0002065098892301931,-0.00107595487408289,0.0,0.0,0.0,0.0003249044228748626,0.9999999472185566,0.0011531950819855241,0.0057548194523865445,0.0,0.0,0.0,-0.003658386219376344,1477,1530
1.5108332916011143e-05,-0.0018060188393216408,0.0,0.0,0.0,0.0005348301865560841,0.9999998569783255,-0.0028692584137382355,-0.010915308669950757,0.0,0.0,0.0,0.0062783419891581605,1477,1530
-5.6787147905831636e-06,-0.0014734738528208564,0.0,0.0,0.0,0.00043851160091516115,0.9999999038537832,-0.0006167016502003904,0.010038244229829775,0.0,0.0,0.0,-0.005814584783319489,1477,1530
5.27988742505394e-05,-0.0016797823959042147,0.0,0.0,0.0,0.00048363739185676506,0.9999998830474297,0.0004367213975136484,-0.001545916455817149,0.0,0.0,0.0,0.0006761077217520395,1477,1530
0.00010094600022155362,-0.0018266824509549,0.0,0.0,0.0,0.0005352910700541069,0.999999856731725,0.00047993012491813497,-0.0014690983036715487,0.0,0.0,0.0,0.0010328154937979538,1477,1530
1.6567534570725053e-05,-0.002038743740259378,0.0,0.0,0.0,0.0005659821375302494,0.9999998398320972,-0.0008461221526943631,-0.0021198779273589167,0.0,0.0,0.0,0.000613870552150293,1477,1530
0.00021642166259087058,-0.0018388863754888213,0.0,0.0,0.0,0.0005284759713655151,0.9999998603565641,0.002001602954582659,0.0019971089338807458,0.0,0.0,0.0,-0.0007504236049206068,1477,1530
0.00023267595908861783,-0.0016880028260208239,0.0,0.0,0.0,0.00046404067888100993,0.9999998923331184,0.0001230537013126551,0.0011310418944916094,0.0,0.0,0.0,-0.0009661406341754455,1477,1530
1.4922423601683302e-06,-0.001706970970315669,0.0,0.0,0.0,0.0004982554443840971,0.9999998758707483,-0.003431812693251468,-0.0002783669118490247,0.0,0.0,0.0,0.0010157271621938364,1477,1530
0.0001718684026550187,-0.0006764348527378604,0.0,0.0,0.0,0.00021215217675743032,0.9999999774957267,0.0017263215699294611,0.010377546372384245,0.0,0.0,0.0,-0.005763098919266799,1477,1530
4.310807412552094e-05,-0.0020295369473811043,0.0,0.0,0.0,0.0005761510605740722,0.999999834024964,-0.0009699452838224588,-0.010147195476850522,0.0,0.0,0.0,0.005459628715074713,1477,1530
0.00014034220893710455,-0.0014679679751930844,0.0,0.0,0.0,0.00042345585391414533,0.9999999103425659,0.0014684965233632504,0.008423448799488914,0.0,0.0,0.0,-0.004581727286788542,1477,1530
-3.755345953962731e-05,-0.0020565998308995025,0.0,0.0,0.0,0.0005981126832881407,0.999999821130593,-0.0010698619079646196,-0.0035292271594029403,0.0,0.0,0.0,0.0020948976160249998,1477,1530
6.0621941926956884e-05,-0.0014793219949652912,0.0,0.0,0.0,0.0004555399782120718,0.9999998962416587,0.0014857220108751325,0.008673358725358708,0.0,0.0,0.0,-0.0042850662568843095,1477,1530
-2.4912332550613357e-05,-0.001608089620157772,0.0,0.0,0.0,0.0004995214566098424,0.9999998752391495,-0.0008559420844851034,-0.0012860347886380597,0.0,0.0,0.0,0.0008790407107599503,1477,1530
8.82167770249077e-05,-0.0018984200297925006,0.0,0.0,0.0,0.0005570765902603731,0.9999998448328243,0.0011276457599698028,-0.0029025171943353576,0.0,0.0,0.0,0.0011503436063900836,1477,1530
9.672650292150842e-05,-0.0014642201236529546,0.0,0.0,0.0,0.00041071336525033334,0.9999999156572622,5.3987368287800806e-05,0.0026064180779096094,0.0,0.0,0.0,-0.0017572199388169146,1477,1530
9.485057727995035e-05,-0.001914329960760171,0.0,0.0,0.0,0.0005576647086895036,0.9999998445050242,-3.3653896855176406e-05,-0.006745416381697378,0.0,0.0,0.0,0.004404488678457822,1477,1530
5.8504873783032665e-05,-0.001600882732804665,0.0,0.0,0.0,0.0004482113757437935,0.9999998995532763,-0.0005410829454776809,0.004712256417395409,0.0,0.0,0.0,-0.0032905434454118436,1477,1530
0.00014815205268950613,-0.0014385357348800898,0.0,0.0,0.0,0.0003991180458949152,0.9999999203523895,0.000889882208984488,0.0016081282301293885,0.0,0.0,0.0,-0.0009730701308176743,1477,1530
-9.29369190961945e-07,-0.0014895167528731195,0.0,0.0,0.0,0.0004428361436495363,0.9999999019480702,-0.001503140597637978,-0.0005126855926384546,0.0,0.0,0.0,0.0008813511469568683,1477,1530
5.560651347020867e-05,-0.0017931991366708614,0.0,0.0,0.0,0.0005153434980395017,0.9999998672105307,0.0005621854948970273,-0.003034713515884078,0.0,0.0,0.0,0.0014489011982398634,1477,1530
0.00022653171653318213,-0.0014447075728347234,0.0,0.0,0.0,0.00041806898278623814,0.999999912609159,0.0012853198807619918,0.002613762425683281,0.0,0.0,0.0,-0.001459898931910375,1477,1530
0.000172363753220251,-0.0018289767329697912,0.0,0.0,0.0,0.0005383089803813159,0.9999998551117103,-0.0004084253137513225,-0.0028799572299698516,0.0,0.0,0.0,0.001802523159288871,1477,1530
0.000172363753220251,-0.0018289767329697912,0.0,0.0,0.0,0.0005383089803813159,0.9999998551117103,-0.0004084253137513225,-0.0028799572299698516,0.0,0.0,0.0,0.001802523159288871,1477,1530
0.00023431778612545287,-0.0019958836426042445,0.0,0.0,0.0,0.0005451913609267805,0.9999998513831789,0.0006176689002209421,-0.0016695347930042086,0.0,0.0,0.0,0.0001376311153739589,1477,1530
-2.0627521554394295e-05,-0.0019257843724727545,0.0,0.0,0.0,0.0005603448539417945,0.99999984300681,-0.002548738185779789,0.0007037862394944739,0.0,0.0,0.0,0.0003030759681128413,1477,1530
4.5934305315665326e-05,-0.0014662749299909138,0.0,0.0,0.0,0.00044621404567102025,0.9999999004465078,0.0002827820579548619,0.001936883423817786,0.0,0.0,0.0,-0.0009623050512772068,1477,1530
6.560231871485614e-05,-0.0013082881630999896,0.0,0.0,0.0,0.00041280220595473773,0.9999999147971658,0.0006733402692787337,0.005369630228508069,0.0,0.0,0.0,-0.0022714465341094094,1477,1530
0.00032826699494973346,-0.0011883986119080915,0.0,0.0,0.0,0.0003442969146802286,0.9999999407298155,0.0026275305792743692,0.0011966786652044534,0.0,0.0,0.0,-0.0013700511208095507,1477,1530
0.00023293777558783957,-0.000889418128184428,0.0,0.0,0.0,0.00026363391598962827,0.9999999652485786,-0.0009511856472894744,0.0029903110439425183,0.0,0.0,0.0,-0.0016131793880590772,1477,1530
0.0001379557563020306,-0.0013593618321355548,0.0,0.0,0.0,0.00040552861153642187,0.9999999177732692,-0.0009523836372482741,-0.004699358518913059,0.0,0.0,0.0,0.002838149496091708,1477,1530
0.00021874330362381986,-0.0007746254487200118,0.0,0.0,0.0,0.00021240973240054117,0.9999999774410525,0.0006091633024128592,0.004382871444113557,0.0,0.0,0.0,-0.0028953573483060584,1477,1530
0.0001253600623346256,-0.000995965658031731,0.0,0.0,0.0,0.0002926294087861647,0.9999999571840137,-0.0014022150259483583,-0.003319640560440716,0.0,0.0,0.0,0.00240668663382768,1477,1530
0.00018566319709529525,-0.001047263138406718,0.0,0.0,0.0,0.00029261434892894673,0.9999999571884205,0.00045248378162601857,-0.00038536664937061804,0.0,0.0,0.0,-2.261155041136239e-07,1477,1530
0.0003114844010289904,-0.0009594990456386265,0.0,0.0,0.0,0.0002979227516668616,0.9999999556210161,0.003759858547428405,0.0026193453480681484,0.0,0.0,0.0,0.0003171278433179286,1477,1530
0.00014725585406671248,-0.0009615871786174033,0.0,0.0,0.0,0.0002808109291959359,0.9999999605726102,-0.0016444518520630515,-1.992888455092271e-05,0.0,0.0,0.0,-0.0003426853815841349,1477,1530
0.00011882998379142233,-0.0014137767081378373,0.0,0.0,0.0,0.0003932063506453511,0.9999999226943799,-0.00017212714743824526,-0.0027138008259294396,0.0,0.0,0.0,0.0013491228862630915,1477,1530
0.00021857640448615806,-0.0011731306188450465,0.0,0.0,0.0,0.0003374889992650957,0.999999943050586,0.002982441117864606,0.007179407097813489,0.0,0.0,0.0,-0.0033256150816032325,1477,1530
0.00030783500517715255,-0.0014810899451856512,0.0,0.0,0.0,0.0004059631170196986,0.9999999175969704,0.0005343577233736024,-0.0018483018528437387,0.0,0.0,0.0,0.0008217716465089382,1477,1530
0.0003187043245870284,-0.0013174324388255223,0.0,0.0,0.0,0.00042653359493681806,0.9999999090345421,8.249314797878322e-05,0.001227018072382947,0.0,0.0,0.0,0.00030847005268131583,1477,1530
0.00025260135230474064,-0.0010063181235895496,0.0,0.0,0.0,0.00028894155137109773,0.9999999582563891,-0.0019604426894397403,0.009265717544740813,0.0,0.0,0.0,-0.00819414894704871,1477,1530
0.00015362635548277085,-0.0007271314477595134,0.0,0.0,0.0,0.00022740395857028724,0.9999999741437194,-0.0009911495249552336,0.0028009531494630384,0.0,0.0,0.0,-0.0012345047910150664,1477,1530
0.00018344483608703172,-0.0012072102356915516,0.0,0.0,0.0,0.00038046877912179276,0.9999999276217514,0.0002954164144226804,-0.004791435956411673,0.0,0.0,0.0,0.0030552471540968543,1477,1530
0.00014514957025672483,-0.0011382534832879224,0.0,0.0,0.0,0.00035847706463262727,0.999999935747095,-0.0003837517732610467,0.0006922469795165135,0.0,0.0,0.0,-0.00044135700143260834,1477,1530
0.0001839958172039033,-0.0008770033807629517,0.0,0.0,0.0,0.00025747278424102354,0.9999999668538821,0.00038994546744239083,0.0026096122318211294,0.0,0.0,0.0,-0.002018067633423678,1477,1530
6.768125053403593e-05,-0.001151123734313633,0.0,0.0,0.0,0.0003449082360578546,0.9999999405191526,-0.0017441844641890596,-0.004104667228880727,0.0,0.0,0.0,0.0026190826653235493,1477,1530
0.0002887767418486178,-0.0013829372793068362,0.0,0.0,0.0,0.00041336222930976537,0.99999991456583,0.0013235378721275662,-0.0013896171112221327,0.0,0.0,0.0,0.0008201619636217291,1477,1530
6.72536654550708e-05,-0.0010072316547260133,0.0,0.0,0.0,0.0003010768412709956,0.9999999546763668,-0.006676699133419171,0.011345183952619598,0.0,0.0,0.0,-0.0067780632033044635,1477,1530
0.00027051243867274536,-0.0007089126485659282,0.0,0.0,0.0,0.00019546793188955815,0.9999999808961436,0.0012213899260217515,0.0017902929165734699,0.0,0.0,0.0,-0.0012680957053970636,1477,1530
0.0002670678329461979,-0.0011078825152721651,0.0,0.0,0.0,0.00031222812253581885,0.9999999512567985,-5.3916997451473695e-05,-0.005974370913430603,0.0,0.0,0.0,0.003496861162301055,1477,1530
0.00014699594146227947,-0.001364729067021156,0.0,0.0,0.0,0.0004083326419191727,0.9999999166322233,-0.0018053704746251679,-0.0038556019345024448,0.0,0.0,0.0,0.002886151793914981,1477,1530
0.00025066683781871596,-0.0011891502596468363,0.0,0.0,0.0,0.000360860866712033,0.9999999348897153,0.0010380075679141281,0.0017547127314341388,0.0,0.0,0.0,-0.0009493121635118091,1477,1530
0.0003691906185293698,-0.0008669638147925864,0.0,0.0,0.0,0.0002383464502277066,0.9999999715954844,0.0007127457944910656,0.0019331694040304844,0.0,0.0,0.0,-0.0014706024769599144,1477,1530
0.0002034250156492505,-0.0013040710466959717,0.0,0.0,0.0,0.000391812662484103,0.9999999232414157,-0.004971810500986145,-0.013091338793886744,0.0,0.0,0.0,0.009194273697527698,1477,1530
0.00020728205082565717,-0.0011046969528078112,0.0,0.0,0.0,0.00032744400450677297,0.9999999463902105,3.0092141694925862e-05,0.0014949163220255432,0.0,0.0,0.0,-0.0009652934347056053,1477,1530
0.000234343784925533,-0.000975380841917567,0.0,0.0,0.0,0.0002999874455762059,0.9999999550037653,0.000271117128701609,0.0012913307042544744,0.0,0.0,0.0,-0.0005484292161849553,1477,1530
0.00022446869489644818,-0.0011322923753756228,0.0,0.0,0.0,0.0003456921271429236,0.9999999402484748,-0.00015012319827259702,-0.002362786760590674,0.0,0.0,0.0,0.001376501993361574,1477,1530
0.00020728694157689061,-0.0008890941960406558,0.0,0.0,0.0,0.00027920817770719426,0.999999961021396,-0.00012745992591658403,0.0018220434245974477,0.0,0.0,0.0,-0.0009961485839925577,1477,1530
-8.217560997885847e-05,-0.0019431693040389214,0.0,0.0,0.0,0.0005536060141520004,0.9999998467601788,-0.00217537251699914,-0.00790431025121871,0.0,0.0,0.0,0.004115947285040991,1477,1530
0.00020209888558262568,-0.0014149211881008088,0.0,0.0,0.0,0.00040408205585476504,0.9999999183588427,0.004274533753861351,0.007922045588315855,0.0,0.0,0.0,-0.00448744691771317,1477,1530
0.00019157682442734955,-0.001085730972964674,0.0,0.0,0.0,0.0003550387972407063,0.9999999369737242,-0.00010232279135469813,0.003284366381851818,0.0,0.0,0.0,-0.000978594902467275,1477,1530
0.00019157682442734955,-0.001085730972964674,0.0,0.0,0.0,0.0003550387972407063,0.9999999369737242,-0.00010232279135469813,0.003284366381851818,0.0,0.0,0.0,-0.000978594902467275,1477,1530
0.0002627372867297873,-0.0011604837209944962,0.0,0.0,0.0,0.0003436880450772255,0.999999940939262,0.0005339553214616259,-0.0005617083196114985,0.0,0.0,0.0,-0.0001704688386511314,1477,1530
0.0001874425678979965,-0.0014343862848746056,0.0,0.0,0.0,0.0004465041733411177,0.9999999003170066,-0.0011341102379354281,-0.004114529551905555,0.0,0.0,0.0,0.003089566421349499,1477,1530
5.896805928153062e-05,-0.0008875532030715296,0.0,0.0,0.0,0.0003042147755128462,0.999999953726684,-0.0012768479481619357,0.005456598353489234,0.0,0.0,0.0,-0.0028390879023920002,1477,1530
0.00021931739747852927,-0.0007997237636763919,0.0,0.0,0.0,0.00023967213158816662,0.9999999712786343,0.001204604654180164,0.0006588553588005864,0.0,0.0,0.0,-0.0009694144741981706,1477,1530
0.00020448339391361076,-0.001322284346208733,0.0,0.0,0.0,0.00037070276439140834,0.9999999312897279,-0.00011327582318994202,-0.003924075303781919,0.0,0.0,0.0,0.0019679293306713343,1477,1530
0.0001310124481161778,-0.001101905590161914,0.0,0.0,0.0,0.00032838275893573636,0.9999999460823804,-0.0007320797274473328,0.002201337852913641,0.0,0.0,0.0,-0.0008452506197876907,1477,1530
0.00021296315865964975,-0.000794270175055863,0.0,0.0,0.0,0.000222446157568276,0.9999999752588532,0.0006155515217136522,0.002304637472540705,0.0,0.0,0.0,-0.001587517124524758,1477,1530
0.0001510353068037895,-0.0010444694733351809,0.0,0.0,0.0,0.0003146996991615092,0.9999999504820485,-0.0006205405044160505,-0.0025023177792044687,0.0,0.0,0.0,0.0018455138197623388,1477,1530
0.0001510353068037895,-0.0010444694733351809,0.0,0.0,0.0,0.0003146996991615092,0.9999999504820485,-0.0006205405044160505,-0.0025023177792044687,0.0,0.0,0.0,0.0018455138197623388,1477,1530
0.000245696840979214,-0.001130515038854454,0.0,0.0,0.0,0.0003263373068409333,0.9999999467519797,0.0009465752689041138,-0.0008615078830357802,0.0,0.0,0.0,0.00023287558960259218,1477,1530
0.00012807883057478284,-0.001625504516491462,0.0,0.0,0.0,0.000473483715860549,0.9999998879065791,-0.0011796110578960186,-0.004949967553711698,0.0,0.0,0.0,0.0029434287906506145,1477,1530
0.00017825613682707493,-0.0010339317448063799,0.0,0.0,0.0,0.0003315147754796054,0.9999999450489753,0.0005072936714085119,0.005914303613121183,0.0,0.0,0.0,-0.0028389248024946715,1477,1530
0.0004024133887749079,-0.0010307092677823066,0.0,0.0,0.0,0.00028459273469480783,0.9999999595034869,0.0007472002882493888,1.0246212293452132e-05,0.0,0.0,0.0,-0.00031281466270399223,1477,1530
0.0004024133887749079,-0.0010307092677823066,0.0,0.0,0.0,0.00028459273469480783,0.9999999595034869,0.0007472002882493888,1.0246212293452132e-05,0.0,0.0,0.0,-0.00031281466270399223,1477,1530
0.00010678637568514325,-0.00128107991397549,0.0,0.0,0.0,0.0003737900397317136,0.9999999301405007,-0.002957605997123252,-0.0025019483319824007,0.0,0.0,0.0,0.0017838926788440043,1477,1530
0.00022811246681465249,-0.0013806503654234066,0.0,0.0,0.0,0.0004328667144395397,0.9999999063131993,0.0017135131899265843,-0.0014083989229623421,0.0,0.0,0.0,0.0016697289360721043,1477,1530
0.0001598480461850003,-0.0009849041335146034,0.0,0.0,0.0,0.00027970833756256166,0.9999999608816222,-0.0010851858817308585,0.006323776679811825,0.0,0.0,0.0,-0.0048940209665733715,1477,1530
0.00036581892959744054,-0.0006674838090366338,0.0,0.0,0.0,0.00020338176545286503,0.9999999793179285,0.0012367841649560771,0.0019036665922800688,0.0,0.0,0.0,-0.000915840129117458,1477,1530
0.00014167451623312878,-0.00139175285631842,0.0,0.0,0.0,0.00041131433911985,0.9999999154102537,-0.00673162175849956,-0.02172033872988581,0.0,0.0,0.0,0.012473086132039492,1477,1530
