Position_X,Position_Y,Position_Z,Orientation_X,Orientation_Y,Orientation_Z,Orientation_W,Twist_Linear_X,Twist_Linear_Y,Twist_Linear_Z,Twist_Angular_X,Twist_Angular_Y,Twist_Angular_Z,Steer_PWM,Throttle_PWM
0.0,0.0,0.0,0.0,0.0,0.0,1.0,0.0,0.0,0.0,0.0,0.0,0.0,1477,1530
-0.00044960384397879405,0.00030724643147536407,0.000755207204829254,5.55603794700266e-05,7.604999287258042e-05,-5.004684227283841e-05,0.9999999943123782,0.00022817853026840243,-0.003105061320741446,0.009636623596495012,0.0006809674177037104,0.0021950566336390418,-0.00034239517768034055,1477,1530
-3.2548637101861746e-05,0.00032595152250822825,3.169503136990026e-05,0.0001084597578564693,-1.4261739138041247e-05,-7.636378836032483e-05,0.9999999911008277,0.006244306406131947,0.00027940855338938003,-0.010828967136952894,0.0015838429950327272,-0.002703625248413758,-0.0007875793059734218,1477,1530
0.00021728541022866452,0.00024179997375083366,-0.00044341114060483534,5.810946901584627e-05,-2.0958512146911822e-05,3.8612333543043695e-06,0.9999999980845606,0.009157372186999586,-0.0075686334195912315,-0.007924571955594291,-0.001053327792595746,-0.0014311957106385924,0.0013051229328656473,1477,1530
0.0005450683965159037,-0.0002627423238858314,-0.0008704498901638347,5.735690618546439e-05,-3.50061007166332e-05,4.075339561135528e-05,0.9999999969119595,0.042445710435600914,-0.039847030851950606,-0.04204087275630491,-0.005674216764906045,-0.005729118207880502,0.005902588888191609,1477,1530
0.000865781038455347,-0.00016379242355946946,-0.0010402918696941392,-3.373215283400302e-05,-0.0001106719710657689,8.448728751279961e-06,0.9999999932712378,0.007889009858874958,0.001349329975691617,-0.0030917205671506815,-0.002425679582826771,-0.0017527600939372466,-0.002331697882569124,1477,1530
0.0005115406045692098,0.00013517764776336242,-0.0009979315746302276,-7.819657618016782e-05,-0.00013158806090335463,4.061415983740053e-07,0.9999999882848563,-0.004691611707470401,0.003211331854701607,-0.000633793511376741,-0.0058051256979925175,-0.00016094508279164695,0.0019579925306665246,1477,1530
0.00031941843606245695,2.0099524232179217e-05,-0.0008959730717662514,-0.00016686143928415595,-0.00014939043499024543,-4.769553614879795e-05,0.9999999737824465,-0.002873400216310887,-0.001721596871379851,0.0015256018824437469,-0.002652721644087503,-0.0005324691005543457,-0.0014387208360151142,1477,1530
0.0005899992549835681,-0.0005267603749442873,-0.001081033352728498,-7.205314427529087e-05,-0.00018780550367063177,2.6337117370520287e-05,0.9999999794218964,-0.0031814782070604436,-0.007972884461462815,0.0013635201472333557,0.001846740529220717,0.001074023310705675,0.0004297234853927428,1477,1530
-0.0002714913315935317,-0.0004897723505527367,-0.000686126746072763,-9.987578623714864e-05,-0.00011025563382710707,-3.99333830692275e-05,0.9999999881369236,-0.012985877150680718,0.00055747058701974,0.005958713279995233,-0.0008392420897666152,0.002338505861705794,-0.001997910004622648,1477,1530
0.0007688764380277458,-0.00031412912530422025,-0.0011783040462169572,4.6627009205122713e-05,-0.00018662768261683602,2.5208112203012323e-05,0.9999999811802903,0.006476805659915558,0.00018055922367168407,-0.0033525280471642573,0.004001796752181246,6.878295653201312e-05,4.4377895499488634e-05,1477,1530
0.0007972268563739308,-1.2393623842092433e-05,-0.0011270023727274787,-0.00014943389051838628,-0.0002596805558722284,2.582608732360734e-05,0.9999999547842662,0.0006363628527337267,0.014399873376863579,0.00266308843749596,-0.004808028011474693,-0.0017308037887073717,-0.0012252557001561366,1477,1530
0.0005377268324295611,-0.00013322888379634578,-0.0011854053942079081,-0.00018551026593372348,-0.0003072832633855765,4.555902389098116e-05,0.9999999345436541,-0.006938803369566967,-0.00015636206567328303,0.0038935381172101316,-0.00224982955000598,-0.00175447733524823,0.0010580340430246526,1477,1530
0.0006547611801660411,-0.00023442039070571506,-0.0010009659310931136,-0.0001015725864038837,-0.00020488144449986838,-1.972646782059825e-06,0.9999999738513556,0.0017496406338419214,-0.0015126301136597837,0.002753247900408708,0.002507176727934359,0.0030592029202562467,-0.0014201184587914976,1477,1530
0.001214658876964991,-4.0504967958501943e-05,-0.0014715640472360196,3.2844018245264045e-07,-0.0003610723075574696,-6.0047835690731794e-05,0.9999999330104669,0.0025446220463864184,0.002848102775615509,-0.0017634459571070622,-0.0040875846213577665,-0.0014256736297502464,-0.0008126828130507498,1477,1530
0.004253818841267905,-0.0025240028087583737,-0.0031931231904446175,-6.919526812061538e-05,-0.0005045406481089388,0.00014420967675042172,0.9999998599271493,0.09675657031709843,-0.07348235095686122,-0.06008154450482434,-0.008425433069346866,-0.013455109228127345,0.010898112352959587,1477,1530
0.003948798123906851,-0.002637234528973852,-0.002774398820106336,-7.462964899434986e-05,-0.00047448655219473106,9.852424309536198e-05,0.9999998797929431,-0.018796544784804557,0.01653117021393625,0.010901479276890301,-0.008325909806114421,0.0015009127492378292,-0.003550659008010466,1477,1530
0.005055011645410542,-0.003965420728198464,-0.0032123518469995903,-4.400548081568788e-05,-0.0004536285110465891,0.00021628456889973778,0.9999998727528303,0.01655031837187182,-0.01988817069211972,-0.0065749741973912595,0.0009187081098351165,0.0006241946793233524,0.0035256860927330765,1477,1530
0.005055011645410542,-0.003965420728198464,-0.0032123518469995903,-4.400548081568788e-05,-0.0004536285110465891,0.00021628456889973778,0.9999998727528303,0.0,0.0,0.0,1.62559327460185e-19,1.1599554533368977e-18,5.904093863908654e-19,1477,1530
0.004907381132058612,-0.004069878264643176,-0.0031445343064693087,-0.00012648942988317176,-0.00041984380401535753,0.00019466466507437943,0.9999998849186296,-0.005530615611636724,-0.003691949266527309,0.001997705878425016,-0.008257210484651372,0.0003338069469350416,-0.0012910914666280533,1477,1530
0.005124820455972333,-0.004078395567944236,-0.0031870870083943407,3.319607415356662e-05,-0.0004119632038736885,0.0002628567014997434,0.9999998800453397,0.003266719533608793,-0.00012909335682450627,-0.0006421852841467878,0.004799869244834128,0.00023563896293817178,0.0020473623852606,1477,1530
0.008153048142600308,-0.0064182155619013845,-0.004924264908078821,-1.6834961993816104e-05,-0.00046700408185309904,0.00043141362992769964,0.9999997977530052,0.08647370630907246,-0.0780238664711363,-0.04783764055214222,-0.002145947306702886,-0.004458516460102359,0.011889601348867882,1477,1530
0.009026738243096593,-0.007350011634724025,-0.005330960439787322,-6.969604921567894e-05,-0.0005169912162456328,0.0004055660661430223,0.9999997816893306,0.026184854886803586,-0.027986425914937395,-0.01223079734493652,-0.0031748574682746327,-0.0029989431078487096,-0.0015499959073857895,1477,1530
0.008676545857192632,-0.006651236462430277,-0.005145608470168109,-0.00027012033869608517,-0.0005944984837494163,0.0002915233192887233,0.9999997443103221,0.018102580218335447,-0.005694631790723167,-0.01031008735079474,-0.003069983863322129,-0.003609872036196992,-0.0020147497527548564,1477,1530
0.009195840932962563,-0.007194025443014189,-0.005341111299715116,1.2408734708138794e-05,-0.00047809618853760915,0.0005187506376541191,0.9999997510838858,-0.006702746279780279,0.0013520631170642638,0.0034248183211602824,-0.0009486830681781896,0.0003346723079989738,-0.0018167599715841855,1477,1530
0.00921487949220848,-0.006946399038283219,-0.005439810168507173,-0.00010161762173678138,-0.0006037401054272111,0.0005097949094912252,0.9999996826403967,-0.005326972308300169,0.005510879254744632,0.0010874478329883333,-0.0036460557335243884,-0.004209279910239122,-0.0011314038940072493,1477,1530
0.011075645527836235,-0.008079372025662309,-0.006173309646435763,0.0003304371247053882,-0.0005831464361738394,0.0007109375999962294,0.9999995226595209,0.027863148836424156,-0.01700999625014657,-0.01103262709447746,0.012957367957112085,0.0006101985392887145,0.006022694153094813,1477,1530
0.011319696686899779,-0.007998837499763769,-0.00637127360061193,0.00029609194312631566,-0.0005761590147397497,0.0006800213283823559,0.9999995589705747,0.004481007671439657,-0.0020418149449074325,-0.0013962379861267695,-0.002484444771954573,0.0014208491748386456,-0.000341545311432858,1477,1530
0.011053777484995428,-0.007752954852222683,-0.006361842130831048,0.00018958077242750153,-0.0005454535383100119,0.0007153612228417949,0.9999995773988553,-0.003898270568120282,0.003614621536866865,0.00014079760714812592,-0.0031256755835679774,0.0009038654032570732,0.0010390201118183888,1477,1530
0.011849845791944995,-0.008178211969991077,-0.006773132859297858,0.00013552729925709448,-0.0006173853446386314,0.0007097873327509266,0.9999995483347128,0.008050814595227648,-0.0043195515246030455,-0.004172164796426339,-0.0010958681574568553,-0.001456099418262826,-0.00011201625127081627,1477,1530
0.011798202982698595,-0.00780623645097512,-0.00671264561161402,0.0003300721021390164,-0.0006276142096406018,0.0006989220510824876,0.9999995043302661,0.010362784612532318,-0.004471472781462922,-0.005287581989761696,0.0015448034124482205,-0.0014015138994862128,0.0003225673674935647,1477,1530
0.011365197130179817,-0.007958183808350477,-0.006574109229014395,0.00010696014656189407,-0.0006139784661220015,0.0006667284035565452,0.9999995835315163,-0.012967702742337016,-0.004529268420448879,0.004167814724038114,-0.013363032041577603,0.0008253637245195878,-0.0019199951769115684,1477,1530
0.011864517109165983,-0.007531626209832164,-0.006732240994315739,0.00034577176782390914,-0.0006475088981999636,0.000688606155284177,0.9999994934977089,-0.0014209715190400313,0.006507655042405097,0.0018764313929214489,0.001618214404461854,-0.0002197850262430077,0.000994316861405515,1477,1530
0.012000638872860242,-0.00759162599106347,-0.006948747778678788,0.0003620700672654429,-0.0005905457127299987,0.0006373322217992722,0.9999995569842351,-0.004680484853156807,0.007933093778638944,0.002641313607279718,-0.0021117247064403504,0.0028490294432764866,-0.005607096118155204,1477,1530
0.013325182422188468,-0.009330207282363237,-0.007347606260994988,6.691852458166292e-05,-0.0009919921441906689,0.0007761845586300962,0.9999992045051975,0.004184443037586647,-0.010560686640829908,0.0004127723537479055,-0.005413093157823494,-0.006278935881492802,0.001384473776513225,1477,1530
0.013325182422188468,-0.009330207282363237,-0.007347606260994988,6.691852458166292e-05,-0.0009919921441906689,0.0007761845586300962,0.9999992045051975,0.0,0.0,0.0,3.656569903973799e-19,-4.0590928951258875e-18,1.4795460804755183e-18,1477,1530
0.013629435720246266,-0.010763123573960745,-0.007614048349861933,-3.458145823433647e-05,-0.001101535470597068,0.0008358911794338535,0.9999990433543753,-0.007081168457445884,-0.024780251769644837,-0.00516388274626118,-0.003569009602465432,-0.004833247262443393,-8.700666939058381e-06,1477,1530
0.013624629115882978,-0.010374281338350798,-0.007382412692468837,6.49995976355321e-05,-0.0010452050461311206,0.00090370003396356,0.9999990433233985,-0.01233089085752727,-0.030385534156466467,0.010470062019014504,-0.0012531349076764335,0.0012822970264127244,0.010258544431456951,1477,1530
0.013278666776305922,-0.010022666964120804,-0.0073400787332952855,-8.528733517137178e-05,-0.0010015594587241105,0.0007946975023241003,0.9999991790299634,-0.0044119639965535164,-0.004485901795022495,0.0019270388425590298,-0.008074038263673424,0.0018887823974534173,-0.0015578702238035662,1477,1530
0.01404998187778496,-0.011596193607992756,-0.008044600532559282,-3.55638059068548e-05,-0.0010915443692062633,0.0009401519287824433,0.9999989616896892,0.009162139328547344,-0.014701966285251552,-0.007518176592935319,-0.0006520716203139975,0.0014942332066559527,0.0008514839410035596,1477,1530
0.014321459282463306,-0.010816479810079192,-0.008114817118444093,-0.00012891572971539033,-0.0011484572292958565,0.0008274732275100847,0.9999989898568822,0.03133999231302213,0.012651832860834277,-0.014913294247365195,-0.0013130786703326206,-0.00031271083422164256,-0.002679253039450981,1477,1530
0.01720901169280773,-0.013225773544269646,-0.009767510959502351,-2.88642308597952e-05,-0.0013044428375646785,0.0010396367380600354,0.999998608374628,0.0312119367045891,-0.01897024797164415,-0.011311840830143607,0.0009996131082323858,-0.001978662793429384,0.0015422099365793361,1477,1530
0.0175147704849616,-0.014234109560764204,-0.010213887454519312,7.193565240430444e-05,-0.001411765060565859,0.0011689043374493585,0.9999983177022477,-0.010190906923354233,-0.011609807259690437,0.019270835515681605,0.001638029477963804,0.003671916232140386,0.003956766071314411,1477,1530
0.023332352918874245,-0.01982629411610946,-0.012508717358304805,-0.0002565316972361068,-0.0017218985440175995,0.0015465110409835334,0.9999972887765708,0.1735769586689972,-0.16783203170221161,-0.06916812368754181,-0.019656686373523177,-0.018544639943832764,0.02263828394965581,1477,1530
0.023380415731345663,-0.019494045741254202,-0.013078116872573603,-0.00020101652661652433,-0.0017365898992354309,0.0015022641225732587,0.9999973435216635,0.015561051686898487,0.001383112299456811,-0.011383020744390153,0.0003375690664855295,-0.0023283411874607685,-0.000757492066339612,1477,1530
0.023300296746541348,-0.019140575131142423,-0.013054277206215993,1.7821459824712447e-05,-0.0016962384228409457,0.0014755608108557854,0.999997472585757,-0.036931867720753284,-0.017168478213582458,0.05274653074907251,0.013716997987708101,0.016449058750362084,0.0023671118890338633,1477,1530
0.02446271905006873,-0.019356594425970954,-0.015265846760026448,-0.00028373139327780427,-0.0020082439756184526,0.0014854408473175804,0.999996839954067,-0.0016997126039649331,-0.0015608790684927285,-0.0031248323892018527,-0.0006579274718486261,-0.0034205165537656997,-0.004068112562959805,1477,1530
0.024043904900780268,-0.02041093178310828,-0.01480692347214493,-0.00020108116918861766,-0.0018842922348324236,0.0015661240718891137,0.9999969781276984,0.0,0.0,0.0,9.770364145041147e-20,1.2292686609951116e-18,-7.101987144309517e-19,1477,1530
0.024043904900780268,-0.02041093178310828,-0.01480692347214493,-0.00020108116918861766,-0.0018842922348324236,0.0015661240718891137,0.9999969781276984,0.0,0.0,0.0,9.753412363043108e-20,1.2271358546791068e-18,-7.089665051085969e-19,1477,1530
0.024752834361821283,-0.020551373935968956,-0.015057947544256302,-7.08718581596884e-05,-0.0019088921339240354,0.0016027051717823868,0.9999968912172342,0.003621425509765708,-0.0029894332172861896,-0.0001816403227464545,0.004141015557381561,0.0008353587231991829,0.0006879260411713587,1477,1530
0.02580907433916512,-0.021090329501836685,-0.015666208545024672,-0.00014650323126863546,-0.002010146656268188,0.0016687042647568406,0.9999965766307903,0.021330238485204277,-0.006820480291258174,-0.009726212630548833,0.0054137539857001425,-0.0017042126644104447,0.0027077380606352784,1477,1530
0.024066123279604907,-0.020168519482115784,-0.014924242693071533,-0.00020245066153410805,-0.0020107533035055546,0.0014987122890918053,0.9999968348681693,0.014329830037905888,-0.004948324463724225,-0.010080943747919374,0.0030186600014773354,-0.005416938972811482,0.00019213039375453315,1477,1530
0.023113359197805466,-0.019638889900987368,-0.014404588329054132,-0.00015501843798755222,-0.0018913305378527806,0.001475397618304832,0.9999971110158009,-0.014216430369256123,0.007972987494352551,0.007844537625917497,0.0014249533288024714,0.0035757448656491488,-0.0007006158912235355,1477,1530
0.023946992118498038,-0.019870804101784115,-0.015003422044474067,-0.00024474720787832503,-0.0019789220588412653,0.0014390402514324859,0.9999969765601513,-0.0053270021653157055,0.004343066019773308,-0.000953180812408632,-0.004644318742476875,-0.002028049242691359,-0.0033767610837728136,1477,1530
0.024132584775585948,-0.02074264111252505,-0.014597254769517834,-0.0003605667214989349,-0.0019030568531083149,0.0016175653012223121,0.9999968159193054,0.0038898210343394665,-0.00639787624698674,-0.0007461080350911881,9.037882930951861e-05,0.0005773410882910254,0.004542698670051004,1477,1530
0.023873946008624924,-0.020220188718664784,-0.014749599207170285,-0.0004449231286896404,-0.002005577916001169,0.0015536057406946142,0.9999966829994161,0.014852387514561994,-0.00044047282524483554,-0.007864484582448619,0.005082540250773426,-0.005926919983492132,-0.00020086667207481687,1477,1530
0.02402532677048186,-0.020365967451334833,-0.014799333140353522,-0.000483746631668261,-0.001874594466320041,0.0015888931494062457,0.999996863646753,-0.002247632433332454,0.016796999184926505,-0.013390274611674005,0.0007579775049970783,-0.004224205641615811,-0.002296886646498231,1477,1530
0.024282193559213544,-0.02013367912321348,-0.01538684913140573,-0.0004985406052990213,-0.00197663171378003,0.0015053085073805446,0.9999967892101607,0.0075946495498221975,0.006900091083870559,-0.01749239251635992,-0.000898794304378248,-0.0060645946737141725,-0.004972249491605852,1477,1530
0.02418236582224119,-0.023598414636516903,-0.011531082742967028,7.513532065221781e-05,-0.0015687680697088738,0.0019473301985281632,0.9999968706083658,0.0,0.0,0.0,1.7462351822250297e-19,1.1501602061725411e-18,2.7796145040325014e-18,1475,1530
0.02418236582224119,-0.023598414636516903,-0.011531082742967028,7.513532065221781e-05,-0.0015687680697088738,0.0019473301985281632,0.9999968706083658,0.0,0.0,0.0,3.481048540637047e-19,2.292797412370416e-18,5.541048027944846e-18,1475,1530
0.024361629096412932,-0.02317175903820425,-0.011770697636951127,0.00011709230659466473,-0.0014736288687211443,0.0019725996052774885,0.9999969617744576,0.00043966360686831756,-0.003133835801344834,-0.0002476173338475607,0.005705832786218688,0.0034822713876106514,0.0026121975194215745,1475,1530
0.024107685862351198,-0.02318677735811032,-0.011743289081975129,0.00013034106188694887,-0.0014770125697060263,0.0019542913619367335,0.9999969910906478,-0.012226558184645013,0.010086401442221001,0.005008033737903172,0.00213415935418318,0.0015016878195922515,-0.0009879394230535036,1475,1530
0.02445600253449375,-0.024234755177394818,-0.01119696735797674,0.00016310488844308363,-0.0015096883987711814,0.0021368628286143132,0.9999965640215898,-0.005686796624468949,-0.020026532993383306,0.01059802976556174,0.007697834463841218,0.0016466664692127144,0.007513766945084079,1476,1530
0.024262710225731798,-0.024359057314419463,-0.010984272801880468,2.748622028896056e-05,-0.0014259331411672729,0.002040926901015511,0.9999969002834804,0.030847517769482902,-0.024353390592967945,0.0025182239314831085,-0.006885368387116519,0.004169895056725014,-4.077740293613993e-05,1476,1530
0.02669393380255688,-0.023612233144571428,-0.01318895215620912,-1.101806339703516e-05,-0.0016200618296781004,0.0020327545907508045,0.9999966215878151,0.07820180350687736,-0.013574993205202545,-0.05972515525862429,0.0031208360532106773,-0.007699016458128843,0.0035951467421290965,1476,1530
0.025818799239783828,-0.02223966433884823,-0.011218480960206407,2.927934760604663e-05,-0.001480029514456842,0.0020437213809264055,0.9999968159240674,0.010337038644139254,0.019199430558919962,0.01737323938219912,0.0056680725606276005,0.002980683412922922,0.001733370526120079,1475,1530
0.0261928198915806,-0.02275088521867067,-0.012249449041392349,-2.7916118576442896e-05,-0.0015692833958056399,0.002036588498441189,0.9999966944333376,0.0067400394561488546,0.011724578506982487,-0.00913058724261576,-0.006067253374677882,-0.001410708543380422,-0.0018978305085004406,1476,1530
0.0266041717739726,-0.02293807720056849,-0.012366348743763623,0.0002402603062469835,-0.001507093757163849,0.00206534548065483,0.9999967026402826,0.012352587583600406,-0.0056869710696508275,-0.0035592604135592574,0.016161120246617745,0.003712395925390314,0.0017066314387096137,1476,1530
0.026330185289869395,-0.022760885218085544,-0.012341984536248896,5.400562585494868e-05,-0.001545504850123267,0.0020289989822790105,0.9999967458253454,0.021546493937316356,-0.0018915369559283643,-0.008693229115767807,0.003740530200328068,-0.004273006829720273,0.0009733169848763986,1475,1530
0.026189808107019118,-0.023108045773654003,-0.012387037291293321,-8.29871573207018e-05,-0.001387241021520495,0.002043796288791549,0.9999969457814408,0.002734191915531684,-0.004981377748339229,-0.0071919015926956995,-5.537056449644414e-05,0.0015396846999078972,-0.0003059577121125054,1475,1530
0.025958486736719057,-0.023862149745070442,-0.011970919434025383,-4.544563920297524e-05,-0.0013796543000196165,0.002132525272018049,0.9999967734071298,0.008185791746098034,-0.007581739196379614,-0.005652678370517955,0.0018829284617680212,0.0006708742350045875,0.0028980538898711323,1475,1530
0.02650824555122215,-0.02436607875907682,-0.012346790308051041,1.723447885593054e-05,-0.0013571187756064073,0.0022293621836027996,0.9999965939321273,0.0,0.0,0.0,6.539552917955937e-20,4.8364255988479105e-18,-6.621633633755317e-18,1475,1530
0.02650824555122215,-0.02436607875907682,-0.012346790308051041,1.723447885593054e-05,-0.0013571187756064073,0.0022293621836027996,0.9999965939321273,0.0,0.0,0.0,6.817053363157697e-20,5.041655264194053e-18,-6.902617105314164e-18,1475,1530
0.02682435356810865,-0.024324891173046956,-0.012520921849778974,6.688212157892094e-05,-0.0013552863568109385,0.002324956941583174,0.999996376643882,0.00841655002137975,0.0014706767033625659,-0.0062347025843467255,-0.00017969372172426282,-0.0025147376163631267,0.001831564778618212,1475,1530
0.02535086330442556,-0.02369691729193993,-0.011679747342544674,7.32174031030708e-05,-0.0012925635757155356,0.002179577037979222,0.9999967866761122,-0.018552984012836473,0.04298090688681297,-0.030404116457609785,-0.01056635260245763,-0.008289140202286483,-0.011715456636428168,1475,1530
0.026558395011470205,-0.0242891127677916,-0.012472803119628369,1.2981424191210471e-05,-0.0013334715142495714,0.00229474036928249,0.9999964779197179,0.017981679524106727,-0.008932887861994572,-0.011900505145871407,-0.0017991200784515488,-0.001218879893992125,0.003445533693395527,1475,1530
0.02762080532322318,-0.024895797461964946,-0.012950840797494872,-4.422799959169327e-05,-0.0015054692496477371,0.002297779494831425,0.9999962259006858,-0.0021489786119209923,0.0007498028749943171,0.0009942842895048407,0.005451391477978715,0.004562205087326243,-0.0012803975575737241,1475,1530
0.025446069944424082,-0.024118837401156536,-0.010484107738014045,-1.8733917867613307e-05,-0.0012597763984258856,0.0022838949448941515,0.9999965982123874,-0.08084655510812298,0.03456964575560336,0.08142423720390417,0.008098630107365298,0.01968392024180859,-0.004156700686565076,1475,1530
0.02519752346715323,-0.023533233550973184,-0.01150462770539426,-0.00012963423180071927,-0.0013206740373954626,0.0022368652546924618,0.9999966177187227,-0.0182909876766101,0.008622289038813673,0.010649406025669973,0.0006277031115780261,0.0033486514436584453,-0.0016774831964567595,1475,1530
0.026564086554435633,-0.024293555399283937,-0.012323954075187684,-4.7959941073513685e-05,-0.0014308100584342906,0.0022632727073317056,0.9999964140331068,0.01810134788973332,-0.004107604581638708,-0.023306427620103945,-2.9212525675510382e-05,-0.003815685323526148,-0.0010878916742803827,1475,1530
0.025894371473654573,-0.023491177074174936,-0.011971722176640448,-0.00011913930028419338,-0.0014570513587561884,0.0022878683302195056,0.9999963142260418,-0.015583936964603827,0.013968011204770609,0.011056960784659677,0.002001670777039843,0.00013330400947054156,-0.0019444216975119655,1475,1530
0.025404316683796384,-0.0234622644636007,-0.011462175870279045,-0.00010250555841668776,-0.0013645005784061952,0.0023007188536239244,0.9999964171553508,-0.031072592848027936,0.021089323210832765,0.02047468015763646,-0.003449460028798762,0.003148545145589498,-0.004835116479454767,1475,1530
0.022918845012066286,-0.021545580775065666,-0.010169087528032212,-0.00044885153101022337,-0.0012540935984953721,0.001961621434861112,0.9999971889074966,0.0,0.0,0.0,1.8724722666844454e-19,1.610959937409355e-18,-8.335170316376664e-19,1475,1530
0.022918845012066286,-0.021545580775065666,-0.010169087528032212,-0.00044885153101022337,-0.0012540935984953721,0.001961621434861112,0.9999971889074966,0.0,0.0,0.0,9.356193585276238e-20,8.049493336002756e-19,-4.16483963120884e-19,1475,1530
0.02361185828537299,-0.022077622809519505,-0.01046825185240958,-0.00037450587220790233,-0.0012263707136656527,0.001975922911078217,0.9999972257405886,-0.0074801573354547155,0.0023591992076098063,0.0035541074531924223,-0.0011652233678599118,0.0010014486962156455,-0.0008067409422107881,1475,1530
0.02406982745451281,-0.022226700968054503,-0.010788326290161514,-0.00023253111896652954,-0.0012561842108543123,0.0020781217032820104,0.9999970246659203,0.012883403428787155,-0.009808874236946295,-0.0072973499242968915,0.00650125745379209,0.0001630413607297117,0.004287005204709489,1475,1530
0.02278197545000515,-0.021677169895263634,-0.01024485448861676,-0.0003393912477042252,-0.001196667804562845,0.001870198129810815,0.9999974775761695,-0.016475894549424087,0.002169268636184364,0.006564083117157882,-0.0023581144962580717,0.0028057725205051865,-0.0012091000034682533,1777,1576
0.021792479014581225,-0.020551341023830143,-0.009689372195698999,-0.00046514670603928546,-0.0010942348710809614,0.001806849762898076,0.9999976607885256,-0.0036173389132863323,0.0020869192494266877,7.946013007496385e-05,-0.0016859515009502645,0.00011077236352159151,-0.0030535705657848237,1777,1575
0.023199575553196156,-0.019772275598054716,-0.012011273116349586,0.006123543382960536,-0.002158537369811304,0.006596722057722586,0.9999571621779372,0.023514659113752282,-0.015918696090174454,-0.02702533400670942,0.1723189946634834,-0.06554237624330217,0.2523208467839057,1777,1575
0.011908591179645009,-0.02221542766549399,-0.02587706516335396,0.010342547121940132,-0.024871151717180594,0.028881800390952752,0.9992198452480158,0.09587989166492028,-0.08199430286464875,0.052971115670609394,0.034598869694721215,-0.35917422975602864,0.5441973694314535,1777,1576
0.04500168315802246,-0.006583350669157275,-0.006224210140361636,0.013051619994379308,-0.034711640431198995,0.06062926160676478,0.9974712275906087,0.5553426113672496,0.1078577400270455,0.22118731337483885,0.055511042487302514,-0.12711782053176796,0.6795426568607451,1777,1576
0.12810449812559718,0.06157097788458556,0.008873309213278103,0.012436465157724438,-0.030992961564776232,0.09580368479200924,0.994839899002899,1.2542360497888139,0.6345583516791273,-0.022223931778462352,-0.0022324461818736185,0.0986513627493981,0.7144270509187401,1777,1570
0.20135590588019212,0.09808776516689155,0.01329906117197229,0.012978079564087698,-0.021093175547745847,0.13686272976342617,0.9902803848394875,0.8698795299123054,0.06654096987318497,0.02330254082129445,-0.006543166520171252,0.2035698782907932,0.8498547617109925,1777,1569
0.28155967329555215,0.14253160210643837,0.00043244876100607173,0.014041179776910518,-0.01341343988883975,0.18050269723328738,0.983382784673562,0.974716976934423,0.22064806354497474,-0.15832006412611346,0.061457870944731506,0.15254484939968613,0.878901647131503,1777,1569
0.33529738334104864,0.15770056485038397,-0.004377283122060007,0.010262449382886861,-0.008771713869505478,0.22362437748624978,0.9745818985402626,0.12797951761868728,-0.5166147994745457,-0.10772757217306758,-0.022935588702261426,0.11534671871180437,0.9489970556682852,1777,1576
0.439589607914075,0.24596349888135272,-0.037070787712653694,0.010155541518107613,-0.005469009829669268,0.2813961320561823,0.9595223664781226,0.9434342325875906,-0.061591409385880834,0.11776662057823431,-0.06729672014314016,0.08220575757358668,0.8751079458021918,1777,1572
0.4603182336797189,0.31542568766121587,-0.04689539009731797,0.008818986060793517,-0.006599841051224402,0.3071278155751239,0.9516045252535378,1.1711053753238534,1.2653145360223086,-0.7927949368885711,0.009570692202492669,-0.06413134106518988,0.7250842235080435,1777,1573
0.4900886142936968,0.37456015526364483,-0.052649017337521524,0.00790708467603836,-0.0049813361300816116,0.33479119254807743,0.9422459985027909,0.8780061709962155,0.4567926802731499,-0.10782275939430937,-0.0031632957442338946,0.0599983530880831,0.8746248216050994,1777,1565
0.5531033425020548,0.5241361498825892,-0.07510683510170275,0.005995304174628863,-0.0037327685559515617,0.39983275493848924,0.9165609040566042,0.8889097880188371,0.4205500042254574,-0.14285198171347982,-0.025176447880464567,0.04484718691466071,0.831873870495662,1777,1570
0.5748696330546021,0.5862919530859614,-0.08218031803244685,0.005604351158406723,-0.003447193743382864,0.42555486693801875,0.9049087044165031,0.9409612366128293,0.36011140165488925,-0.08681103403878669,-0.01364331257307003,0.03732342656366261,0.8602382481518467,1777,1570
0.5939125663607966,0.6498144762751131,-0.08980266472251895,0.003977564602487376,-0.003795147316078221,0.4498541505714328,0.8930851129933458,0.9136083144254299,0.3863571999913145,-0.12704803410008725,-0.044049761171237094,0.014167829560806026,0.8098331974477108,1777,1569
0.6168374972280477,0.7433839686388676,-0.1012879646119936,0.003983717425820648,-0.003788904128145664,0.48706223901161305,0.8733499582240635,0.8884094532800033,0.36205175340656065,-0.13099117565345839,0.028117564672689603,0.00804181912789591,0.8596956756107627,1777,1570
0.6370188525502731,0.8681348467730554,-0.11876435908240983,0.0014253945350002246,-0.0038033034277738203,0.5348947608751956,0.8449089287738196,0.8781656248326483,0.3249616424353255,-0.13401437350509796,-0.07474835971646772,0.022691333071213477,0.8090388608659921,1777,1570
0.6415132814838805,0.9302204691963171,-0.12871583844687695,0.000275905489370609,-0.0041623398144156835,0.5578700189514045,0.8299178518134128,0.8684491267655069,0.33731656308392066,-0.15545903010697634,-0.03160054430296935,0.008607606001642856,0.8221616074198692,1777,1570
0.6373865642403216,1.0235774510640359,-0.14367467304836345,0.0006635401315902715,-0.0036152486981258867,0.5915742602108405,0.8062421375414097,0.8590134833905264,0.35667850297346654,-0.16553048661472075,0.02148585884697426,0.013472118860613455,0.8394278898522303,1777,1570
0.6297728036819238,1.1223473676420148,-0.15583751706106208,-0.0014269431811396672,-0.00464033792707895,0.6240617745735795,0.7813599251389561,0.8918791660983395,0.3408945211662418,-0.14996084459706732,-0.045061479240819206,0.009431420772126506,0.8123745511485375,1777,1570
0.6064988287521459,1.2420934274735356,-0.1796409514181154,-0.002930811373369587,-0.0035563121939244124,0.6654320907979372,0.746444167720908,0.8517485700870552,0.3353491771841776,-0.16951176691035927,0.017894876730916044,0.011585075742126832,0.8171245737122663,1777,1570
0.5880253808936403,1.2973205710860136,-0.18869742092310426,-0.004569096522580788,-0.003980038963601096,0.6847050820800143,0.7287950557053857,0.7888330477560257,0.37020761534931473,-0.1332051849571637,-0.04451396949550851,0.019582927200123685,0.7818203579722658,1777,1571
0.5435021997174413,1.4062318317100593,-0.2122579802842798,-0.006667866574005082,-0.0022186422936072226,0.7239852733665247,0.6897796322957954,0.8068692985760102,0.3638362301158979,-0.18052162448704487,-0.015709206360237784,0.03766666518220638,0.8362197699639464,1777,1570
0.5100670995541947,1.4893944327034079,-0.22513696338663441,-0.00883662504945121,-0.002663157857920308,0.7511994894651304,0.660010718606362,0.8235847971479229,0.3169155910562655,-0.14485052287887504,-0.053980318047978745,0.013439305875370205,0.8028359458372826,1777,1569
0.4774857148151879,1.539307333372388,-0.23974425633763127,-0.009058157151213771,-0.0021774885649395747,0.7684415239824193,0.6398521958641308,0.807721782156301,0.3917638869645445,-0.20520098430170455,0.0025930980281395144,0.008430443360755544,0.7961190593678118,1777,1570
0.4053283467169518,1.634211423668905,-0.26457655738001795,-0.009908743777178309,-0.0011765358539131063,0.8029297853480577,0.595990094180318,0.8160723129045203,0.4093939834890892,-0.1413535885025474,-0.013315931294493577,0.02618574630689054,0.822717971749028,1777,1570
0.36583650951322366,1.677997997570871,-0.2783696029099057,-0.0114161986606247,-0.0018222024659010538,0.8182221695545967,0.5747859003452351,0.8015840862305121,0.3788745295300315,-0.18973308369610684,-0.04818062907156379,0.019437144139144106,0.7826128295879082,1777,1570
0.3003136168747866,1.742069310153489,-0.29856822092640484,-0.011829907021160586,0.00012501515058354547,0.8409077904507727,0.5410490972456024,0.8251385981026189,0.3735218217450317,-0.19325862276905786,0.026037267824382367,0.012786177372618222,0.8238916213280822,1777,1570
0.20729709147969577,1.8155616159156447,-0.3281586815169752,-0.01345417316573855,5.529888965682626e-05,0.8688421682468404,0.49490632330026696,0.8065066503277157,0.38884954804667426,-0.20716728527754494,-0.015036087421126465,0.04278165683105874,0.8152389857450696,1777,1570
0.15964354084499793,1.8483444988703523,-0.34396947889703533,-0.01475407496942171,0.0013242161537071952,0.8818974122856182,0.47120857157664825,0.792193705293591,0.36670640203892646,-0.21363380021167744,0.004184697737844575,0.047453354256754024,0.8113706079531355,1777,1571
0.07719950617572047,1.8906036272316291,-0.3679078805973828,-0.014705664362493922,0.001530684350683353,0.899721655059705,0.4362136447403972,0.8012466035155894,0.4024007983696439,-0.21331732584152752,-0.004675098109398929,-0.014195879931421794,0.7920304033347132,1777,1570
-0.03185921178398227,1.9336551068951193,-0.3973750288016366,-0.0160823347693668,0.001536063066723816,0.9219529052966939,0.38696490723786103,0.7629017529464769,0.43391242634626276,-0.16752673313211308,-0.03209581985949113,0.023545868520388067,0.8241055829002603,1777,1570
-0.08735075369858172,1.950669052539572,-0.41312907186750664,-0.0169033059828,0.001571386112568451,0.9320413984134579,0.361953920597668,0.770182650972111,0.41645507268454696,-0.2080935750373081,-0.021034985453366076,0.019355574955224466,0.8069238964445404,1777,1571
-0.17189023450654797,1.978289573573858,-0.43408514496844286,-0.018104409787420426,0.002052918230613649,0.9455680213241677,0.3249140392812937,0.930911589224437,0.24321234922781013,-0.12047838772516185,-0.049419051441789985,0.05441369068237521,0.7970502832923794,1777,1569
-0.25823200810154057,1.9999099592799303,-0.4532622779904255,-0.01828598545833431,0.0030867229787229643,0.9581018513593658,0.2858267609913848,0.8872048519800048,0.2810124223948434,-0.05844741372862105,-0.012586908559037031,0.0077776953121967175,0.8224539542785549,1777,1571
-0.3749477665239309,2.0171950850417466,-0.4765851458166715,-0.02188661046741339,0.003585524230869681,0.9720718286462957,0.23363321735250867,0.8210262197600846,0.3501406183954065,-0.10992064125504568,-0.015025852798870486,0.07674504275086758,0.805483034535785,1777,1570
-0.4574123579782253,2.0206023940445506,-0.49115103006722205,-0.022420088482584657,0.003978241771606814,0.980602603103216,0.19467934664991188,0.7386278304369253,0.3352590461073029,-0.09603852207282405,-0.012119187692121742,0.005813204492081825,0.7974052334475824,1777,1571
-0.5380235239177455,2.015268460790454,-0.5073228267832675,-0.02234458592840347,0.003569621397819412,0.9878273758234245,0.1538994894616989,0.7339321164159511,0.3479414488707409,-0.1373114114980518,-0.02914593171690983,0.015457025850546445,0.8228124262747032,1777,1571
-0.5929782089011336,2.0093564929056997,-0.5174794987629721,-0.023807381387920674,0.0034291674874038234,0.9915940171291774,0.1271328226518009,0.7929459934457727,0.31265433264702763,-0.10602973661221418,-0.036457915974753376,0.07915871991719065,0.7954244856720099,1777,1570
-0.7041868219840985,1.9895915292960689,-0.5353049895359018,-0.023481369828477143,0.004523367230020633,0.99702378913853,0.07329207536786665,0.777143197847369,0.32622049011190557,-0.10229627183158806,-0.01675085042854908,-0.02054621074837164,0.8215102352610362,1777,1570
-0.787777629121513,1.9666367107236604,-0.5475671075617956,-0.025198484134211923,0.0043526986994090544,0.9991581574176783,0.03207907226028012,0.7958201141028566,0.3259934980043446,-0.09866038430097249,-0.03304920963643108,0.042794466767666864,0.8337795723088723,1777,1570
-0.8422031449436569,1.9463498670581785,-0.5546736530733726,-0.025682971151099215,0.0028187377779299774,0.9996526755106228,0.005193077569701136,0.7884625677111096,0.34394635658962447,-0.06969496648430366,-0.07738943947827615,0.0021375774212494094,0.8007919802515802,1777,1571
-0.9200171333676314,1.9121880183236244,-0.5670046331203098,-0.027300145215159947,0.0038914702267871374,0.9989536331378055,-0.03648557758189244,0.790544059346285,0.32176641522556826,-0.09167260369665206,-0.003440268381346865,0.04193334646612343,0.823007803853728,1777,1570
-1.0177757559863234,1.8573592142912145,-0.5824554912338288,-0.02854243071903856,0.005358002592551251,0.9954045698287722,-0.0912489113407071,0.7772961559789554,0.3378375808298786,-0.07235367513598569,-0.028302185167096074,0.013142777373890403,0.845864714020824,1777,1571
-1.0634429788227446,1.8253773314057897,-0.590655350280689,-0.029188364652665683,0.005203142403362838,0.9925018599265678,-0.11857919176793721,0.7673386799471781,0.334287680204711,-0.08993457255636368,-0.030566791428966327,0.020294777262318407,0.812648569242684,1777,1571
-1.1296603292450627,1.7738767500006514,-0.6031241181902145,-0.031147932781553138,0.004757057213244791,0.9868334184355995,-0.15864104433851597,0.7883500803924476,0.3076638412863704,-0.04907195059038822,-0.03225219788031667,0.03212419415765224,0.8154583195819992,1777,1571
-1.209996838525308,1.6975581247072937,-0.61902695609827,-0.03014623496210128,0.0057434271158876655,0.9767536883145347,-0.21215666363922522,0.7773015204852757,0.325726928345774,-0.07728940977767072,0.009695538285468673,-0.005354982885066128,0.8018324538728215,1777,1571
-1.2673761447653304,1.6333855837603672,-0.6325922668703551,-0.032556825412675836,0.004058542031814398,0.9673726998099073,-0.2512242842921755,0.8088439010854142,0.3303097712338283,-0.0921678181233538,-0.03618221182230907,0.08697505341801653,0.8060324601094767,1777,1570
-1.3016809883899467,1.5893471388300868,-0.6415636980506542,-0.03173690093856826,0.004861261043162589,0.9602209113654613,-0.2773895070769059,0.7821969108626505,0.31122966105821565,-0.09998989162879371,0.007431506694709537,0.0085505853709358,0.8207532236815713,1777,1571
-1.3461210088741202,1.520739784360472,-0.6555065392327347,-0.03359662513546418,0.007032760340993619,0.9481149574118393,-0.3160693509238753,0.7568359416873045,0.32070249528562833,-0.11419178450498887,-0.013573223414704818,0.05682104410853555,0.8071559041815023,1777,1571
-1.3825830586832317,1.4486095096845821,-0.6708793196300796,-0.03308343013079882,0.005696143760643736,0.9347373874114574,-0.35374999246959965,0.7324335242973762,0.33966471018001565,-0.11927196722002655,-0.05293272025484739,-0.0015665113249830947,0.8050062816058446,1777,1571
-1.4131620887074439,1.375679026030593,-0.6880479400684628,-0.033866343048428005,0.00598931145533839,0.9199478025546867,-0.3905294349106359,0.7243802646227298,0.3213925764348716,-0.14703019834328473,0.0002986020707574056,0.02085773797376837,0.7856131447871019,1777,1571
-1.440682561223523,1.3013537876554808,-0.7055537381796275,-0.034533572917462105,0.0056372369427156645,0.9036668181541389,-0.4268043294864532,0.7420246637543179,0.35107387571112475,-0.10902647750361438,-0.026887733860306715,0.02931573420384473,0.7864529437603272,1777,1571
-1.4629114473204203,1.226770507920567,-0.7243825880619006,-0.03399658804052544,0.00583675836136155,0.8856033595026109,-0.46315964190667946,0.7519447647927255,0.24563866516503266,-0.16581370425023306,-0.03175083498627962,0.04310634400472102,0.8079768053747203,1777,1571
-1.4821794012668592,1.119232995700826,-0.7475472907581551,0.034016841359499984,-0.004326349524433256,-0.859611505575948,0.5097962305521362,0.7930091774101012,0.34331236403760507,-0.0999861015217859,0.053255843506307396,-0.013771290387397925,-0.7920113721847151,1777,1570
-1.4877034053427542,1.0625793906844156,-0.7574400364129443,0.03455450791600828,-0.005104219056159999,-0.8451720641151408,0.5333517741321024,0.8373176856139746,0.3358464234741079,-0.09365122937814678,0.021079362686082976,0.04783101587633996,0.847289336030996,1777,1571
-1.4896288085885832,0.9489923441889558,-0.781028039967306,0.035593204122798074,-0.00475375102198426,-0.8144874153817705,0.5790688869696049,0.7906032952952998,0.32186189681333627,-0.15523270138579245,-0.049239207582707056,0.045209811449933454,0.7953142758454408,1777,1570
-1.4871659113567077,0.8912730537109331,-0.7874051525731107,0.03508316223109761,-0.004043479264532168,-0.7988427465148749,0.6005023633124813,0.8086380186859047,0.3147658155197115,-0.06866089418991939,-0.046796520641553825,0.019606933233756587,0.7935477364034965,1777,1570
-1.477560105203006,0.8078732772360357,-0.8032534278795371,0.03484142658456834,-0.005817287951999323,-0.7735179884612954,0.6327891873927894,0.7865557039003476,0.3059655851179486,-0.14056742732493088,0.006283203165887277,0.00490535421540119,0.8329295957908205,1777,1570
-1.450597425986048,0.7075933212583143,-0.8183385288443861,0.0340047112543653,-0.004655151376774582,-0.7376302900531717,0.6743319393104854,0.7229749204281839,0.3243427235634525,-0.12334020410852277,-0.04530173802765182,0.012063220743097191,0.8258449008262407,1777,1571
-1.4349205543456829,0.656612348655217,-0.8272843528874109,0.03392246192506459,-0.0054159770613294795,-0.7188355190098242,0.694330922816556,0.7442184538772494,0.2952391321957754,-0.11702466026035552,-0.002597996186670643,0.004742523775439638,0.8214496230199942,1777,1571
-1.404152348421012,0.5837229190867618,-0.8428624857213965,0.03366796051070277,-0.005163634967287738,-0.6894618054776419,0.7235207143520388,0.7246242797858432,0.3157332448176193,-0.14398310532338035,-0.0346571586267721,0.02368127086633991,0.8171751560436035,1777,1571
-1.3792194929131758,0.5382105839788222,-0.8535794397653325,0.032643375464052236,-0.005521468088145462,-0.6688483701355982,0.7426612829516686,0.7042976454117181,0.33111407220244427,-0.15177023807165346,-0.030902149891136307,-0.005161372905481095,0.8417985169028649,1777,1571
-1.3217708479246733,0.44437219281311385,-0.8669400695745496,0.034074263420428845,-0.0042664406427113935,-0.6259883871283329,0.7790759149383748,0.8079640244808027,0.32481989432581876,-0.007495261591030325,-0.033455472844805406,0.052477200285122386,0.8147921236183626,1777,1571
-1.2717400228975322,0.38298443763889795,-0.8774060214823075,0.03268809951926201,-0.005413812355726624,-0.5929632798840533,0.8045475296679132,0.7209840254337015,0.3329979766000013,-0.1002077129686315,0.0017562230151585963,-0.026159390522496412,0.8463881131434694,1777,1571
-1.2173331008421573,0.28431626985614356,-0.8396876483043365,0.03317433085163747,-0.005028259651516635,-0.5576199511667815,0.8294179708917447,1.8495511721796734,-0.06308817389762973,1.4014856968820597,0.0008495062278873556,0.05914207851050431,0.8622171276850621,1777,1571
-1.132046366516877,0.2062103548548426,-0.8413189232734669,0.03280617453006381,-0.004226861112081961,-0.5106602575308525,0.8591460818372889,0.7915637699444501,0.34718688388985824,-0.010333904394715121,0.004762591345705903,-0.00013250255779641867,0.8251585099154145,1732,1571
-1.08187172088525,0.17113356309122166,-0.8421039250264347,0.033431917467359185,-0.0038984494544228717,-0.4865370112354318,0.8730113662973698,0.8180358548710007,0.4067964104034353,-0.014968217631966362,0.0005073122077200866,0.04333025992616845,0.8295502913286388,1732,1571
-1.0126652472702102,0.12583876304868766,-0.8414509865802604,0.03056626390548841,-0.0033796193874942636,-0.45602815127927915,0.8894338687752219,0.7391082335274811,0.2988510891882779,0.023128510081171127,0.03438277231274922,-0.08236492296993246,0.6326716608392069,1777,1571
-0.937437178544019,0.0825834966820698,-0.8408795572234035,0.032252033160962854,-0.007327059746095704,-0.42074339689098195,0.9065765905454977,0.8272020797469403,0.3578460330585808,-0.0048979461097369914,0.05692882337986237,-0.03520183368185866,0.8442668518765286,1777,1571
-0.822070935296707,0.032001379350707876,-0.8395024523558647,0.03161147540702406,-0.006878822922584569,-0.36965961339367154,0.9286038803728057,0.8696845148898729,0.39977887047725413,-0.007518970713388243,-0.032535223093005085,0.0541447011682113,0.8386190052281601,1777,1571
-0.7319967971246695,0.0006882216574341411,-0.8396913038978332,0.030916482756139115,-0.006113075625021854,-0.327996022339021,0.9441532771378663,0.8799367657929025,0.36536516214192766,-0.02167105992636125,-0.004098305050835306,0.06563874028070518,0.8754176059694604,1777,1570
-0.6365991808380335,-0.022477554656175465,-0.8382230287030948,0.03003825198314608,-0.005078876778151868,-0.2875401519502905,0.9572839544486648,0.8926366808210282,0.38177724191717777,0.004294254906205249,-0.050085041434992365,0.0368037295197097,0.8298710878538242,1777,1569
-0.5753445216320002,-0.0330754824380772,-0.8371322247657278,0.02993534692541346,-0.006209519260275975,-0.2601730872192643,0.9650778629529374,0.8532364545577127,0.3736816467347343,0.0002029362977221229,0.0039394232778818955,-0.007499615118034616,0.8531670986056067,1777,1570
-0.4485146871625005,-0.044268795533321956,-0.8343826760055205,0.028563434591434993,-0.004744572127088326,-0.20368894198374213,0.9786073953088723,0.8999442918653092,0.3496038560202994,0.02061064587600413,-0.06726967331449776,0.07171014071837412,0.8402118503505577,1777,1570
-0.4144212422020969,-0.04524410508944832,-0.8337111554923049,0.028589780953082893,-0.0037116004331767937,-0.18914036209291096,0.9815267555571991,0.8805474531333608,0.3541232263239953,0.0002704769598489109,-0.011071797014636267,0.0804389453988929,0.8236344898193544,1777,1570
-0.2911224484711197,-0.04221616973203486,-0.8309975952410182,0.02885314127169543,-0.004262211025639071,-0.1336023507902915,0.9906057448143719,0.8688126340946899,0.3529507548179773,0.005238467047452309,-0.019100516559287815,0.001127826950505087,0.8498949919738216,1777,1570
-0.1730744341372571,-0.019947375035334648,-0.828647525678549,0.025526323928031506,-0.0023947301205382325,-0.07694885637373293,0.9967053454041198,0.8363870401995075,0.36497987769246487,-0.010047892747797,-0.029415634350380714,0.047231083578624204,0.8490707090609152,1777,1571
-0.11365867646287325,-0.004151069903299977,-0.828192192668661,0.025494909283308734,-0.00201288711166739,-0.04868546518937141,0.9984866966391721,0.8466360956914039,0.37180259585648295,-0.012939751260884702,-0.0011576397468187022,0.033208308325330595,0.8512754898034044,1777,1570
-0.00026902956597477795,0.034726830996908854,-0.8238562800095329,0.023719412421333276,-0.0013184821858115091,0.007634310617225245,0.9996886357163977,0.8330865305481308,0.34570468967700596,0.0046950919571613296,-0.02736389038904926,0.03993034528874057,0.8530227931789537,1777,1570
0.05417289068961057,0.06058739895309499,-0.8219746752583267,0.02348843873915215,-0.00030297593594007087,0.03664127330921289,0.9990523602601914,0.8213622127200214,0.37572274820548385,0.007920124849413764,-0.005087232820478665,0.051052803345021984,0.8681547575622702,1777,1570
0.05458950523794589,0.023781275351189617,0.0009697592562562998,-0.0005034553742875576,0.002080756818380179,0.027693327159293398,0.9996141738763998,0.8205123211427137,0.3574465339644619,0.014576051107848967,-0.015134459854430495,0.06254999378876551,0.8324939399465932,1777,1570
0.14101598799580373,0.058530586981272927,0.00420128657543234,-0.000131555420591761,0.003542939262544516,0.07012700352769674,0.9975317707475685,0.9183857320383967,0.2479130186383516,0.04964731907674639,0.015123732735673755,0.0018416059175506588,0.8506049727829224,1777,1570
0.24857565520895786,0.1255160506136792,0.00627350807077982,-0.003165995463870658,0.005450817448027143,0.12663952711079093,0.9919287752832994,0.8902242144124244,0.39163146519635494,0.012942365180244378,-0.052307983610998976,0.0721580934710422,0.845303130378144,1777,1570
0.32428152030714247,0.18232125945503255,0.006818086786291007,-0.002765166902053288,0.007429603609938843,0.17000662724647597,0.9854110317702358,0.8792867006576067,0.34365089647359515,0.01968464060061193,0.01737392205577184,0.028500548617192204,0.8796566795028491,1777,1570
0.397100577041535,0.2473629904538245,0.009559749946278145,-0.0036754179379837717,0.0077643468038906234,0.21303031304432637,0.9770078259389361,0.8893488171053335,0.3516582986288187,0.03667282729626712,-0.019087640945162562,0.0012748980093771009,0.8714740667402296,1777,1570
0.4647596380169291,0.3193621633064945,0.010655478752643263,-0.005204795726194759,0.010450156061957584,0.25534654465954915,0.9667791094506325,0.9165043215514107,0.35218024008849264,0.026768997461616827,-0.011107025058618034,0.055326750379705844,0.8684185443058566,1777,1570
0.5226590063995462,0.3935454767042239,0.011419365824195258,-0.00529728827352186,0.011574516265115438,0.29674690300642637,0.954871323721825,0.8840751589614265,0.33944227204329713,0.032772079448927564,0.006803371848994209,0.01737213302992536,0.8612691125744709,1777,1570
0.5399468653507873,0.4200774625681773,0.010579871646700312,-0.005406831086732101,0.012794666177244868,0.3111407911861644,0.9502623168131313,0.8217820988625498,0.33836865750818107,-0.0017048141417829192,0.003728931713792189,0.06591056825174021,0.8482095759028581,1777,1570
0.6009340072166109,0.5229805496339031,0.009420413526285332,-0.007417625099610899,0.013642938648579257,0.36470955908924413,0.930991829487156,0.8413861650004647,0.32654546324697525,0.0195308731571678,-0.04439641058664425,-0.0017854853433076794,0.8662599914309889,1777,1570
0.6371368612901323,0.605147591228434,0.008623662925085058,-0.007757253320007985,0.01476398511504511,0.40414386720963774,0.9145433747839905,0.8225703303672024,0.35574968318162437,0.018281129214082155,-0.017705186126750434,0.026247899913393057,0.8443403363363463,1777,1570
0.6727772312603434,0.7215470244906237,0.008234556878695058,-0.00815565436382115,0.016057446810516726,0.45635886607779796,0.8896135279187315,0.843886575900844,0.3894558653037635,0.03256002846041909,-0.03464331349882293,0.004537504858315039,0.8626388917827672,1777,1570
0.6795061307412192,0.7511921986930774,0.0080032911810168,-0.008281755273693913,0.016257664473774865,0.4689549618048002,0.8830336033663175,0.8337533120857258,0.35226906846251577,0.02310252899357716,-0.016484077738769625,0.01421199639255389,0.846323094634481,1777,1570
0.7009684551706339,0.8704931843623323,0.006072458808973693,-0.009740004055253108,0.017110743175639112,0.5176694834126633,0.8553541142312038,0.8435578940531608,0.3287502136348412,0.019829902006874792,-0.03185685971434107,-0.004378207529577679,0.8477061658541265,1777,1570
0.7084479496655425,0.9602415792231614,0.0050299555289918625,-0.008851994512294719,0.018181803545102772,0.5541378077035601,0.8321792801352925,0.8377741349682616,0.3356771192121442,0.018097858845030297,0.02238157927329913,0.03469518383103171,0.8757167350519679,1777,1570
0.7044865278284719,1.0807164592730671,0.001316822028214107,-0.011785862647701952,0.019949624377946527,0.599729672130381,0.7998671304005522,0.8294963022318398,0.3494889967378871,0.011061836542639512,-0.04448079624990129,0.021576845481946026,0.8352635944526869,1777,1570
0.6980462691423176,1.1398357711134512,8.735540818848595e-05,-0.011417252947703415,0.020443506500208212,0.6217816837600038,0.782840499155274,0.821795074787809,0.340272450728895,0.017748231352568755,-0.0014827280408102777,0.007590278905736843,0.833467333359529,1777,1570
0.6807954111587156,1.2287438269432058,-0.005234666448948227,-0.012091428083094637,0.02186799405902546,0.6545070570514278,0.7556428392254007,0.8311355842970203,0.3575915576182853,-0.007069819546087629,-0.02541174465382853,0.04163398863159898,0.8564222676670719,1777,1570
0.6463382124155697,1.3436841525870786,-0.010498196484873728,-0.013229422396146584,0.02230139369092177,0.6961450701691808,0.7174326947537677,0.8255240078682627,0.3488473385257801,-0.006432394237594434,-0.0036769151579281786,0.019016303175328444,0.8372041471141186,1777,1570
0.6353556450020945,1.3715617584136233,-0.011050351159519394,-0.013280132940771827,0.022786264922395123,0.7061781395616088,0.7075428322054196,0.8305881152372218,0.35654058727194465,0.020944493270349633,-0.003223875264990455,0.02841913806604099,0.8500642441955869,1777,1570
0.5842651476297983,1.4807075253052033,-0.014929540988234615,-0.014271083054609725,0.02354997698955606,0.7450930656527978,0.6663918203942446,0.8245702422567204,0.3642364675932166,0.009320741748961098,-0.033355547843632045,0.019145526725131704,0.8481280456283683,1777,1570
0.5546849703134438,1.5336823289256276,-0.017596037982229525,-0.015280897991211182,0.025930676774886505,0.7640167353681807,0.6444940048099171,0.8389774940607732,0.3518043974487946,-0.00142506961653044,0.01026867463528865,0.07743058440430607,0.8669258145465963,1777,1570
0.4871977946735707,1.6329638549496586,-0.021555807022924617,-0.016228917079927678,0.026216315090360872,0.7985668311269695,0.6011159150258171,0.8192538549689309,0.3633729748179395,0.013774557985455477,-0.032710350545555565,0.008173913578064275,0.8259498906452751,1777,1570
0.4690348547263429,1.6561606430476092,-0.02296907139989789,-0.01538507405617908,0.026312425961071674,0.807105645869154,0.5896197352043638,0.8206601549518291,0.3305651280884999,-0.002651541739125284,0.010412839281392921,-0.027192964144782356,0.8600976397514294,1777,1570
0.3697310209622998,1.7661502884047864,-0.029877233527994165,-0.017433826521326933,0.028135947633453902,0.8463765337282135,0.531555447058729,0.8096832393694796,0.33501226496382236,-0.007645731334075983,-0.03650803688988561,0.05915201833151878,0.8213451828855496,1777,1570
0.2944374469730658,1.828589280527331,-0.033652018504502376,-0.01640934362693163,0.028928517985286416,0.8675762322904028,0.4961908457979621,0.8477942338038237,0.35857285814597134,-0.0020738288096019543,2.2583245176613048e-05,0.010657211826491104,0.8264571541894815,1777,1568
0.24497480933836863,1.8659043276540215,-0.03636722241298088,-0.016947807758044813,0.030096827879217383,0.8809655121259811,0.47191812765395313,0.8599639113971268,0.3549594692442454,-0.0036024673591921355,-0.0011765165174445332,0.04588304659806288,0.8312281560792736,1777,1570
0.13833460210820658,1.9271119000560197,-0.042089846835061194,-0.019540048666914285,0.02948968520945049,0.9057487657355183,0.42233602537899495,0.8301031050043209,0.38600607356818845,-0.004946017314611088,-0.029319374680733375,0.04874288362441294,0.8340430356498484,1777,1570
0.05875766612311045,1.966269997835855,-0.04512599199404512,-0.019573306572452886,0.031713025565688356,0.9221499195981139,0.3850333692869783,0.819769578898136,0.31302242169479927,0.037490340572729555,-0.01717621727721785,0.013395590115168625,0.8121135128790015,1777,1570
0.0030535171486878662,1.9874568057180115,-0.04640094888901942,-0.019884160886076186,0.03158173845095985,0.9324542997141322,0.3593552460823399,0.8106088318315696,0.369249923752701,0.014012261406901688,-0.03198566918045232,0.025368220306789344,0.8259611318806637,1777,1570
-0.11173440671316677,2.022644094528103,-0.050325691724091515,-0.02072436671391589,0.03299299704503599,0.9509936928361137,0.3067457562155094,0.8291033121722504,0.3498053601914974,0.0044616740134035965,-0.008220540141659205,0.06013031802427472,0.821797511920183,1777,1570
-0.19944629029024094,2.038558209533299,-0.051450738859125565,-0.02078273176879041,0.03257934924924672,0.9625736633641647,0.2682510142765793,0.8206326730865152,0.348631031479994,0.023081679620180127,-0.01802333819873201,0.01044296422895899,0.8233965632625242,1777,1570
-0.28972198171230007,2.0495866321560325,-0.0542215804322128,-0.020356888394186822,0.03347193148029822,0.972953660886257,0.22765412507994465,0.8408275572320687,0.34304920879428064,0.0011522583900847646,-0.006166503800062661,0.059282706164209685,0.8375085219880277,1777,1570
-0.37784051945042235,2.0537547065829598,-0.05581125836282029,-0.021296195871739004,0.03221637265331589,0.9814449068920742,0.1878149943696264,0.7975263508555244,0.3102755474493509,0.020890113018400228,-0.018905866646789934,-0.006003912764854166,0.8185716432485097,1777,1570
-0.46615917181213634,2.051960687046368,-0.057163405097517515,-0.02160500329984232,0.03468092295936438,0.9884404488825643,0.14599978228728575,0.8236938920347245,0.30072172622859467,0.009724423713224408,0.054476411275983065,0.01483824783732143,0.8246600863571797,1777,1570
-0.5823445973584878,2.035535264497409,-0.057402458200039405,-0.021317860815711874,0.0326439152752858,0.9951536437873693,0.0902726362884313,0.8018702933228395,0.3542446002831836,0.024031274632686457,-0.06789963890851428,0.01959643288570158,0.8451040820088109,1777,1570
-0.6401169656264221,2.0230789970828886,-0.05857008124191322,-0.021018224977362884,0.032969434974129706,0.9973320220008033,0.06164485759636775,0.8277025963268783,0.3129228675043412,-0.007531898717387505,0.02569539518758266,0.024775459131392934,0.8573052723812413,1777,1570
-0.7258129591773429,1.9991953755913816,-0.05942989734816138,-0.021579700912250078,0.03391973626211825,0.9990123873339359,0.018921362366274314,0.8317176522841635,0.32087087928361413,0.01126948022297884,-0.02067410661691863,0.04993015251844736,0.8541256483751645,1777,1570
-0.8097148059587523,1.9657946617499402,-0.05988177732619729,-0.021516496518773874,0.03328390025951656,0.9989397186631856,-0.0234235103728584,0.8302312176347106,0.34062945472444667,0.0034419969665129197,-0.020730674499709913,0.03143167428159769,0.840829606112489,1777,1570
-0.8894869452286731,1.9259765126318482,-0.06051182615735445,-0.02241888101597664,0.03313459811806173,0.9970513459889913,-0.06548362881733603,0.8246930686902781,0.3387693604921601,0.013748501327033943,-0.032003784145424215,0.0025332999059633184,0.8269775751529738,1777,1570
-0.9653734483249203,1.8791534148023838,-0.059551578399424154,-0.022691420603385654,0.03294098847802912,0.9933192247460071,-0.1082446694257128,0.8161205432499836,0.35149423394016605,0.016879848002384946,0.005046092291604075,0.03389275972408119,0.8698412271082916,1777,1570
-1.0373219154644449,1.8254454624471332,-0.05965778259852048,-0.022011675422741038,0.03392552486490673,0.9876252544721554,-0.15152855056567563,0.8385904138871255,0.35230794996103887,0.002067823793430502,-0.016281965265881115,-0.01228003325502121,0.8565862945113185,1777,1570
-1.1260034290137844,1.7443917926773804,-0.0586872312868684,-0.02215088378586638,0.032195313010110374,0.9777620671803401,-0.20604402478818445,0.8336284202205183,0.3451686016728683,0.006226863456053056,-0.0029754269530416506,0.06009343615000558,0.8435551637559258,1777,1570
-1.1670153934520044,1.7007374089531364,-0.05850501503822651,-0.021713847960688006,0.03290182851367125,0.9715404503750014,-0.23357040003462826,0.8238119182461384,0.33830400341973793,0.004481891053950506,0.012440001275854028,-0.01655311287688063,0.8366690839047548,1777,1570
-1.2232811169468436,1.6305237373980284,-0.05736717255028084,-0.021659500156020944,0.03131557536937622,0.9610787137250095,-0.2736382773242023,0.8283719660515716,0.34746726813210665,0.004178107458924438,-0.05209753425029295,0.042248478064173325,0.8028124909123274,1777,1570
-1.275377459317055,1.5567209325779034,-0.05716465025971393,-0.02246709868509154,0.031097986533196575,0.9484967720918527,-0.3144551129200975,0.8532792501679541,0.292183317008498,0.02091387472249,0.027667870504237847,0.04767539390411159,0.874781842086277,1777,1570
-1.3210539868462774,1.4804856602157757,-0.05580385471703246,-0.021680250180806916,0.030747616787402027,0.9345901089316874,-0.35373136572977104,0.8198508681804403,0.3107544029665686,0.0002588858275383302,-0.03378377451159476,0.04987146367021861,0.8492994088287121,1477,1574
-1.3701550089791783,1.372585268273872,-0.05313435854164964,-0.017191772023844747,0.02374533935515264,0.9135596982058442,-0.40564674243439375,0.8227107128789161,0.34934908980142626,0.02088200154648649,-0.25522186499857985,-0.04137090695456605,0.813939959410811,1477,1574
-1.3832496741621167,1.3461370733487812,-0.05207564756497805,-0.011948522568915109,0.018206498733833815,0.9116295816582227,-0.41043545419216476,0.8469182568901019,0.24106173456190555,0.028099426680098353,-0.4309942599042155,-0.1429783428003438,0.30948686221231153,1477,1574
-1.4579013182673608,1.2492431527907735,-0.05006102677064611,-0.00863632869906398,0.016675789456531483,0.9125532097069995,-0.4085265858252754,0.9238586517751989,0.02854455900974372,0.008986998441497177,0.04468320759501492,0.008492441970885244,-0.030774654947727784,1477,1573
-1.5190370481537139,1.1746919314849038,-0.049815285395594044,-0.008594414955821738,0.01690641176754361,0.9123933720115645,-0.4088748512467845,0.9723382622443719,0.04200833599801244,0.00345665574386587,-0.013143563551485982,-0.016669883726927934,0.004318410391000841,1477,1573
-1.5826458964669738,1.0976071707640507,-0.048560070679594815,-0.008613748625065434,0.01699328736502714,0.9124372374224762,-0.4087729434343636,1.0053617682191491,0.03608634981722596,0.01247930084564745,0.018343338058363353,0.014271531769741516,-0.0015418991123213187,1477,1573
-1.6711052021195465,0.9933198737892076,-0.0478663505803166,-0.008453035337740217,0.01683194041485426,0.9118448334442333,-0.4101027087163752,1.0318937763527056,0.02519076123231864,0.006796769937416672,-0.030514790437236962,-0.026262328341365607,0.018902903615736315,1477,1573
-1.6940970012723513,0.9652387528508585,-0.047361234293997696,-0.007808146885996527,0.016316225700333864,0.9118905014704951,-0.41003478748636846,1.0268971859899252,0.041048521103496056,0.014422540704322521,-0.04162184061766207,-0.021411988506360228,-0.004200421059444401,1477,1573
-1.7837886036155337,0.8592081736098758,-0.04605257477327749,-0.00844741543988987,0.01683409919282522,0.911636182804322,-0.41056634601330455,1.058827885517818,0.022561213383236352,0.002204559549013785,0.015441886772790825,0.002548460743634767,0.011486156650876298,1477,1573
-1.8515430802168156,0.7773824923192079,-0.04444799375761781,-0.00816224862557168,0.016968887706441227,0.9114591282850306,-0.4109594773372094,1.0715401279546124,0.02810414380636082,0.019133824505092014,0.020863362543004842,0.01978807406178967,0.002598054429235887,1477,1573
-1.9459704681567205,0.6651977746234168,-0.043066003992402783,-0.008503444306625215,0.017534123271735674,0.9112391858524815,-0.4114163245702852,1.094153606277311,0.032156487673314034,0.011222121540673756,-0.014101529907591526,-0.029627518623935454,-0.002840367236214483,1477,1572
-1.9690750988908325,0.6371247219753884,-0.042197272835265906,-0.007737782440939259,0.01712402040455587,0.9111546498915069,-0.41163588112452787,1.0878153390974958,0.03799804265898208,0.025710618396289093,-0.041259307033462055,-0.03139894633966101,0.014656523829669846,1477,1573
-2.0649819336174544,0.5232757427635759,-0.040480383104993224,-0.008760476467976739,0.017108502867459886,0.9112372531432261,-0.41143313146327437,1.1227101749835076,0.020316670274475947,0.0059718002610232605,0.011531049599175235,0.015769991478561545,-0.007597259629469232,1477,1572
-2.164099586719163,0.4091154536650145,-0.03789253547056335,-0.009441465866172862,0.017628950659645946,0.9111683558087681,-0.4115486680742432,1.1391514328247105,0.010140826652095217,0.01566217126475498,0.03089113438208541,0.038156638500067855,0.0059213211391083926,1477,1572
-2.1911871250263015,0.37953203111930717,-0.037492281399634196,-0.009889759093916147,0.017677539375024854,0.9109722278466035,-0.4119700199758528,1.1997099079876001,-0.02232694890669153,0.01611108594198321,0.013656405376395935,0.02379834920809094,0.02735480482916771,1477,1572
-2.2937753184645957,0.2613592533471011,-0.03514428064431066,-0.00966983342831224,0.016254133671809754,0.9106114548119979,-0.41283056551716735,1.187656724857964,0.005345444528632657,0.02155457089728843,-0.01675599067864932,0.015320656209670049,0.006760808401522233,1477,1572
-2.39574639883145,0.14329339529343613,-0.03337710482597553,-0.009296836599584605,0.016362376864644836,0.9099010102747701,-0.4143983505680646,1.1587466616459439,0.016973345467039363,0.02623094085894717,-0.023090665933384696,-0.059146189518055406,0.0368960214069895,1477,1572
-2.4718568925242734,0.05233862339060133,-0.030914712811607462,-0.011481704812152898,0.01637783663296316,0.9092570678700728,-0.41575415987112885,1.1851536774161247,0.01890845498611648,0.02520341014832024,0.026573690661476995,0.04629126001407381,0.034615715246122086,1477,1572
-2.5232836989319347,-0.007568363380588968,-0.0296372665946367,-0.010002904418562292,0.016755310388818022,0.9087604596290366,-0.41686164190506836,1.179063287645075,0.019909033939805195,0.027825697712864538,-0.008372366041263311,-0.08250365268244172,0.0315129111554101,1477,1572
-2.5978000336397606,-0.09679829961414624,-0.026971345748123463,-0.009980765089386404,0.016020129176748134,0.9085698094249388,-0.41730641163409044,1.1702236575101368,0.017218580321525803,0.028686144247020675,-0.007911372364956938,0.008841551974153244,0.011804118363035096,1477,1572
-2.6987555844662277,-0.21746853454794893,-0.02281746340286019,-0.009023143668726093,0.01571325449310961,0.9084508712553733,-0.41759872009732163,1.182662391357514,0.018032845899732475,0.05398318142750451,-0.004198095886852372,-0.02317125746435546,0.008393508899037458,1477,1572
-2.7747410240305284,-0.3060988809941595,-0.020268881560888297,-0.010578909825173743,0.015972524504168396,0.9081764530076367,-0.41814889134175887,1.156683475239863,-0.0037744084756597836,0.019825576836800193,0.027049869525228462,0.037159798727930154,0.022278516776179813,1477,1572
-2.7997570083559964,-0.3357043438853028,-0.019594857186832203,-0.010443050425702611,0.0157080175260402,0.9080379916947896,-0.41846290937441616,1.1616544178602068,0.00814119423433337,0.02671945613849726,-0.017873496489798014,-0.0003777211353807566,0.020530142960780404,1477,1572
-2.928648389858781,-0.4880250205487721,-0.014757805350349066,-0.010680374009542677,0.014677916540878022,0.9076209502231939,-0.4193980198963529,1.1828052095195172,-0.0038686876983991913,0.009777487065118065,0.003706271489341092,0.034114172290531694,0.008276769648446492,1477,1572
-3.005169552242025,-0.5780435106100442,-0.012066873840081354,-0.010100551855900645,0.01466113526092875,0.9072551406193993,-0.4202036884473302,1.1785680932183185,-0.00020688477402486323,0.04160097264108028,-0.0007607232961081821,-0.011986382457801889,0.02318183974547856,1477,1572
-3.082186336951933,-0.6695830410271562,-0.009567135613318773,-0.011732869219686262,0.014830050307912724,0.9068802862609662,-0.42096384141511056,1.1984688494828433,0.010532971905545899,0.03150401813342815,0.004732832370227055,0.027943965012172667,0.01867005999612523,1477,1572
-3.1575497483896067,-0.7608100070967818,-0.006445302189351441,-0.010051211524504692,0.015399620694603882,0.9067619151765942,-0.4212417999375499,1.1804389129181796,0.015214678189136719,0.04162318727870719,-0.0015269313044560023,-0.023073877590315782,0.0039004119019631117,1477,1572
-3.1821809822538745,-0.7889705128717576,-0.005342597013399062,-0.010090286939348827,0.015384281828184423,0.9068405020133902,-0.4210722193284842,1.1153351030000564,-0.01835634170806714,0.0394391186104168,0.00018165874124179718,0.002295774295378972,-0.011190720734473934,1477,1572
-3.282414413472132,-0.9094291957094658,-0.002774023363573822,-0.00922711748702604,0.015511343971300991,0.9066068304676856,-0.4215902198348789,1.172584798202732,0.009321529173750774,0.024304995306855166,0.0062473031422334326,-0.030058053200657544,0.003271129535639136,1477,1572
-3.357525395179794,-0.9985608668964998,-0.0013131036177820915,-0.011042078491213459,0.015345400441589458,0.906382299088537,-0.4220352107192704,1.1585887104400319,-0.0031459092373877715,0.020369784888713518,0.009018670567049322,0.04406305027780057,0.013788719255722549,1477,1572
-3.438186015892064,-1.0951373530116872,-0.010119098493583417,-0.052594068033076445,0.018022537724532717,0.9260810562786163,-0.37320628256177857,0.7361789938738862,-0.011293681517806419,-0.13456154568667014,0.618185063057052,1.099585367410996,-1.585995204780122,1477,1572
-3.430434696504651,-1.0995765058599976,-0.008152464919255972,-0.037721032737269226,0.01452379143111597,0.9415325670917993,-0.3344885771999179,-0.07857981961856894,0.2587921255789694,0.03340617691109117,-0.41909165943818616,-0.8329607755821153,-2.475243443651448,1477,1585
-3.4193512095859364,-1.1343607347281706,0.0029274539777576145,0.0038848415846622687,0.0012405624433796713,0.9705888038530339,-0.24070883416655675,0.18423041311160968,0.21164343131781868,0.04864432929092174,-0.25084468383541064,-0.37173590783468075,-1.1010389941252003,1477,1584
-3.450036343273272,-1.1589096927785478,0.0029601417368865183,0.0006023353654150084,0.0021693518178111286,0.9795579087244897,-0.20114978140704592,0.3223787607637503,-0.030276721356598906,-0.04642319766498304,0.4036870016706272,0.27621917811223107,-1.3275593117470765,1477,1577
-3.4594312834950753,-1.1674528484167044,0.0037473593270658796,-0.0011450069202437704,0.0040299017513137905,0.9883809853196617,-0.15193905590585316,0.17943455210567336,0.0620775647098022,0.01115129712743546,0.0635406456031389,0.036952530668023544,-1.4944591081998881,1477,1580
-3.4857355388620177,-1.1878900199038391,0.004954653592519565,0.00027989095055749,-0.000252052972053882,0.997371368535764,-0.07245834220745236,0.22179403495944233,0.0899464857097093,-0.004856074940641739,-0.03556565926210508,0.03049635758505542,-1.2120743008256674,1476,1530
-3.50667445761573,-1.1980381826826059,0.004941894156158018,0.0012595248916990192,-2.770798643637134e-05,0.9999235675470349,-0.012299263934270771,0.2272685928441639,0.06379118079562983,-0.0034159624326287807,0.03502363643904988,0.006158224451013705,-1.2644088548605192,1475,1530
-3.5277635435230543,-1.2056351370200327,-0.0001285913277603262,-0.015173046622063351,-0.008278881592167848,0.9995073536993607,0.026197111991368618,0.1669549140110417,0.04373266798837526,-0.02977114256677252,-0.14456918329914734,0.1915233971446422,-0.4218827247982039,1475,1530
-3.5306646190752398,-1.1996804902620462,-0.0034163556535182302,-0.02140292103157469,-0.001207361701709087,0.9994236971089392,0.026319781650626276,-0.008887767838823455,-0.084010203667702,-0.019823402387323222,0.20567978510082696,0.0483676192158232,0.039219830144210266,1475,1530
-3.5287342389868064,-1.1972878097412047,-0.003629009820905794,-0.020947258052449555,0.0017017955596514151,0.9994084416409347,0.02722284057175988,-0.053666534408296614,-0.0746197730244618,-0.008937487896187923,0.17613325355979315,-0.022620027868972638,-0.050418081699128876,1475,1530
-3.5244466266508994,-1.1941188505917737,-0.00357234617653006,-0.02034329688439225,0.006544396719333385,0.9994033058416976,0.02713583269663331,-0.02276644236570153,-0.008490713277474853,-3.3586319764739806e-05,0.034132256696010506,0.002075971797780523,0.019381573831041943,1475,1530
-3.5236483672549697,-1.194103625312146,-0.00367326426017217,-0.020477263299402162,0.006778797754565387,0.9994086561935924,0.026778116328213135,-0.0019309310114764603,-0.0032951944492199954,-0.0014586581462180703,0.003735340819514922,0.005579076154000685,0.005275415951122357,1475,1530
-3.52451084639027,-1.1937331586250273,-0.003805490117820449,-0.020885577927659483,0.006912984571231764,0.9994053116397741,0.02655233219796855,0.013862554984577806,-0.0025374305199178633,0.0009397380572929907,0.005619228942533819,0.012309392732917172,0.0042705944773172855,1475,1530
-3.5251378754802674,-1.1934934757313536,-0.003908616147757625,-0.02108696203115961,0.007073467674019646,0.9994043339657153,0.02638718131794103,0.009639127063221486,-0.0031076753811436772,-0.00110256544452883,0.004548051745598533,0.006200784464067261,0.005009714973196015,1475,1530
-3.5255392252541493,-1.19333247087207,-0.0039954188831155596,-0.021110896590379274,0.007219425754095082,0.9994039107155211,0.026344509550450652,0.004069400757078478,-0.0033838869330787016,-0.0025683250255913305,0.003166993494096598,-0.0013228341057177153,-0.0007110964300354873,1475,1530
-3.52531025362445,-1.193518053660043,-0.004078600643145367,-0.021170864943839133,0.007146889667343882,0.999406221402276,0.026228249427616097,-0.00322119216746007,0.004787112989487023,-0.0016119153952009594,-0.0032804260164626333,0.0007752171584337993,0.0019788490641531797,1475,1530
-3.5251906329947142,-1.1931272029378095,-0.0040806663945096204,-0.02119100449188421,0.006976155857788959,0.9994157286462858,0.025893549630867683,0.0012543192596557752,-0.002964087052995746,-0.0001458328992500192,-0.0008822983530403173,0.0007077147590636094,0.0053728264074409575,1475,1530
-3.525218140872598,-1.1931726791575397,-0.0041246766443270265,-0.021219938444674295,0.0069764379036145975,0.9994129394692429,0.025977296780623646,0.0008076037347065516,0.0013849252642417458,-0.0013016685302379043,7.941476894701715e-05,0.0016997888955143869,-0.005025665797963992,1475,1530
-3.525211040044871,-1.1932274435960237,-0.004127698996708027,-0.02116045025359832,0.007052872330950633,0.9994093933295156,0.026141095265456427,0.0015421144935647234,-0.0003320794287319186,-0.0007728368216371468,0.0036058534366929245,0.0022458656163964487,-0.00539066914392179,1475,1530
-3.5252543525849953,-1.1931876537492225,-0.0041902420740829276,-0.02106544375723916,0.007111900289318248,0.9994126116624209,0.02607871936434556,-6.36933267616471e-05,-0.00019361837895352774,-3.784872914512109e-05,0.0008312451295077327,-0.002232099339029139,0.0008206939228700572,1475,1530
-3.5251839841165693,-1.1930964482859108,-0.004199546041014166,-0.02102427024922556,0.007076682014150456,0.9994133610485582,0.026092803409795366,-0.0009750014882198006,-0.0014213248781344222,-0.00016230320603710085,-0.0010136009375839527,-0.0012637991871476606,-0.0004345700473722061,1475,1530
-3.525011092495865,-1.1932812280054828,-0.004105885700696064,-0.021056775359392613,0.007041170562230636,0.9994170331039373,0.025935074133326658,-0.003327919051109519,0.0026723282681233944,0.0012176353739431981,-0.0009902561598963242,0.00374099280685642,0.004744979360390319,1475,1530
-3.5251944594946973,-1.193163984734111,-0.004190129784715406,-0.02108894671504464,0.007014398065787425,0.9994143212438099,0.02602055032083697,0.0018669939820666302,0.0016850481471243637,-0.00036382035130877075,0.0009975495437115692,-0.0005439751077814648,-0.006527541286398438,1475,1530
-3.5251406788880084,-1.1931607678330776,-0.004181519774512145,-0.021170532588071486,0.0070789082514013555,0.9994099713346734,0.026103769933340192,6.28587686937621e-05,-0.0006610797186186382,0.0002996996796012362,0.0005110789306651702,0.0023709544374202357,0.0016382936590664935,1476,1530
-3.5251352612566764,-1.1931794107390725,-0.004211307951253408,-0.02106215202402744,0.0071853596496266004,0.9994088311477533,0.026205812002372538,-0.0015238378774818967,0.0018825586514003999,0.00040150522028344716,0.002826216039824484,-0.0028140858978881185,-0.005950028600357845,1476,1530
-3.5251823225879866,-1.1931336052767296,-0.004239744742581267,-0.021083971788900514,0.007161588875555516,0.9994113006488002,0.0261003814887003,0.0007453189295907188,-0.0006433921096871253,-0.00037947923608183296,-0.0007834406436405465,0.0006455073332320867,0.0030897643857022363,1476,1530
-3.5250435420765314,-1.193169664540757,-0.004314343562958251,-0.021162037598179025,0.007069630277401423,0.999415144504963,0.025914425067089263,-0.0010296946615362948,-0.0018995080229451072,-0.0006432253688944127,-0.0007194707060613059,-0.00030984266753214296,0.0028206428781785116,1475,1530
-3.525225373345793,-1.1930864565502681,-0.004304949979957317,-0.02122287078085122,0.007033964899809334,0.9994106640917959,0.026046834610039888,0.0027750357208522216,-0.0011005657165913997,0.0002736873352892283,-0.001029912840142953,0.001768036433321686,-0.004002366982786576,1475,1530
-3.52514570528551,-1.1931658745045348,-0.004327989474016937,-0.021197453961293824,0.00700964704869802,0.9994048186110189,0.02629717343912848,-0.0019230069154948762,0.001038871813558657,0.0007901738712436682,8.638696396146375e-05,0.000993486670586113,-0.0038220386091159997,1475,1530
-3.5252245665983892,-1.1931904054513076,-0.0043736131204137815,-0.021139397851330215,0.007000147700746888,0.9994036142103643,0.02639203845693144,0.0006532983037380237,-0.00030011371409294983,-0.00059115682586698,-0.0009055981517329868,-0.0006490675565798858,-0.0008539078634456558,1475,1530
-3.5251962772911423,-1.193142570849336,-0.004371288759575695,-0.021132810840402486,0.006962595278884811,0.9994049153630381,0.026357953660419056,-0.00038696512398352865,-0.0007380311003377265,2.7879748739904392e-05,-0.001141832463518093,-0.00022074874723575577,0.0009998825770914546,1475,1530
-3.525158852593817,-1.1932287105890547,-0.004398354119313732,-0.02102535747976574,0.007054499480493567,0.9994053618010941,0.02640248441249332,-0.0002466963448334886,0.003121342744529061,-0.00014569036081690603,0.0031341443573929453,-0.0030325575380442745,-0.008183492135352756,1475,1530
-3.5252871048654333,-1.193123778546291,-0.004382698357734455,-0.021162185848687506,0.006875697951033119,0.9994081121466644,0.026235701691241734,0.0017038447184282105,-0.0006164679750133931,0.0004783021585274447,-0.0016127496343552286,0.0023750534919175243,-0.006137541402400619,1475,1530
-3.5253602099624635,-1.1931656092740026,-0.004428052567640811,-0.021069098563909434,0.006772631957603013,0.9994052484447793,0.026445678722617584,0.0014057439409915834,0.0004893320203306365,-0.00035099830291769184,-0.004417874325306621,0.0003110442730058308,-0.006133515880738427,1475,1530
-3.52527774394853,-1.1931658682582345,-0.004447699768601021,-0.0210079184168379,0.006681207294817217,0.9994048875218847,0.026531106841664924,-0.00122087264907858,-6.54699590003484e-05,-0.0003458500001104407,-0.0026363908709080893,-0.0019224375369414721,-0.0026048782974750777,1475,1530
-3.525299123716861,-1.1932116486072526,-0.004436083548779047,-0.020980705079485774,0.006710814766875619,0.9994037017971843,0.026589768965087832,0.0005339946880423379,0.0005727129156560902,0.00035861363826044675,-0.0004331487556589096,0.0015714146244085103,0.000851788752489414,1475,1530
-3.5253021970641103,-1.193154712281497,-0.004467571615638668,-0.02096441635878889,0.006693354146669348,0.9994053781694687,0.026543969992138292,8.27298692987859e-05,-0.0007235960886986791,0.0008296233323811197,-0.002795320351058397,0.0021863653070285467,0.0021002910635137054,1475,1530
-3.5252327476953504,-1.193191265155639,-0.00445103580485307,-0.020962904943524815,0.006682371504243957,0.9994017848886394,0.026682857583278007,-0.001077767560307357,0.0004944880415490117,0.0001963847631459215,-0.0002397831394497501,-7.961552767812188e-05,-0.004169716726923499,1475,1530
-3.5251636095946477,-1.1933195643350345,-0.004394582954952415,-0.02104511252030308,0.0067201509358303475,0.9993910534134334,0.027008612841000864,-0.0014474635107754566,0.0003791427155176676,0.0011715889941248463,0.0036368676746942933,0.0005382567114447131,-0.009706401974847043,1475,1530
-3.525105120453014,-1.1933685161544791,-0.004439215630131075,-0.02103221028020811,0.006629282987161332,0.9993856720638183,0.027239258641804955,-0.0027408458944964188,0.00016826554385346477,-0.0006538135649369587,-0.0007387422634684908,-0.0023658071555312378,-0.0025982680976222457,1475,1530
-3.5251551027033368,-1.193379902206336,-0.004391986471606336,-0.021143459602299863,0.006642002195617303,0.9993836985974427,0.02722243377390947,-0.0003495712879537041,-0.0009180505194049651,3.58480113686432e-05,0.00025059303988858437,0.00430680766010586,-0.0006992878153511977,1475,1530
-3.5252873198981463,-1.1934284976600267,-0.004342689470206732,-0.021312538163492416,0.006545758675516498,0.9993814961898834,0.027194739080590214,0.002212263625357772,0.0018036396320513482,4.482789030604875e-05,-0.0013909331837760118,0.001802408226078042,0.0020261841267947742,1475,1530
-3.525198869507176,-1.193342180986275,-0.00442739990093353,-0.021244836829604385,0.006572347574950715,0.9993803643849225,0.0272827498118666,-0.0003614083023984024,-0.00012848694945841367,-0.0010657549161795482,0.0018419574810719754,-0.004441987188403159,-0.0059409149824073415,1475,1530
-3.525203092746658,-1.1933681391395676,-0.004431658948692934,-0.021252418928906502,0.006713001495337717,0.9993780981433318,0.02732557871318719,0.0010214471294022354,-0.00102915472321874,-0.0007627684122551889,0.0014203770070342996,0.0003220961737655247,0.0010763436977367915,1476,1530
-3.52524857772798,-1.1934079162555082,-0.004422786460657485,-0.02135099862095782,0.006805949876572667,0.99937404679853,0.027373865085051706,0.0006418908369939079,0.0006341801684206689,0.00015283822328035626,0.002734826716314508,0.0030216450235545813,-0.0014102210485181775,1475,1530
-3.525122502196599,-1.1934637359876243,-0.004435840343075325,-0.021262226050742718,0.006852050831333922,0.9993707688791397,0.027550561749061116,0.0005301503641773429,0.00034497192703882295,-0.002010968963046692,0.0046839302714080395,-0.0026753403255948003,-0.006128067628618508,1475,1530
-3.525111921065925,-1.1934969595582883,-0.004426259542216483,-0.021291348832252532,0.006849100677877285,0.9993703993883941,0.027542205995325825,0.00013336844586036043,0.0004347085874339216,-0.0008556888605423624,-0.0010976786330814834,0.0019446847619271823,0.0025331392028605797,1475,1530
-3.5250984046179337,-1.1934597130060483,-0.004373785971378933,-0.021360793268726717,0.006822523089901565,0.9993705614469143,0.027489099710569828,-0.00020470466607098794,-0.0005571246785983721,0.0007831976965452721,-0.0008849164434464319,0.0020633076372512456,0.0015553737897248067,1475,1530
-3.5250784245496494,-1.1933620783402958,-0.004342941676625608,-0.02141355193440904,0.006835920866192933,0.9993692218364995,0.027493425129889087,-0.0006135804786319138,-1.4774667587938163e-05,0.0006084759207800624,0.004369102591894472,0.002173574837310709,-0.008029719204286917,1475,1530
-3.525036592375699,-1.1934615540176374,-0.004216669832773249,-0.02149770300111283,0.0067665230667596655,0.9993596042272562,0.027792883441709996,0.00047257011671203024,0.0007162302080276618,0.0008860068488870612,-0.0013146229287649043,0.002011396722359656,-0.006813606155334488,1475,1530
-3.5250809231908677,-1.193508644756171,-0.00430112524619347,-0.021401877646853282,0.00675598567058619,0.999357316793312,0.02795120144966334,-0.0004079238895744584,0.0019222092471524732,-0.000542054849117255,-0.0022525537302454167,0.0003231742942340744,-0.007079394871496609,1475,1530
-3.5250910346257167,-1.1935714586255008,-0.0043900432360686765,-0.021374190580007356,0.006888991883026964,0.999353607928036,0.02807226547862231,0.0013320431822183426,-0.00015362495168646587,-0.001159604877279556,0.0018834907402714505,-0.0004858577305877711,-0.00035039886373707235,1476,1530
-3.5250902365258194,-1.1935421010124723,-0.004367582132880656,-0.021399104740993075,0.0068795762884243895,0.9993504963343794,0.028166207103635578,-3.747417174518351e-06,-0.0008660149691925984,0.0006805123544075321,-0.00048136932517299773,0.0014330533707815757,-0.005620729574374069,1476,1530
-3.5253083912226706,-1.1935608780296543,-0.004385971231800145,-0.021323770427059064,0.0068245958297856145,0.9993500210880781,0.028253443290890533,0.0008589484175893099,0.001734833206799394,-0.0010116731938936885,0.0013394507204404656,-0.0055982736491603825,-0.016468801716071162,1475,1530
-3.5252700726299273,-1.1936641628132048,-0.004384680702078048,-0.021196715067087063,0.006741862634326759,0.999345486673531,0.02852796564474803,-0.0021721101026568857,0.0018093085642118297,0.0007072283813156707,-0.0018249371974250147,-0.003864453471968159,-0.004358750098586017,1475,1530
-3.525265442603803,-1.1937249406784889,-0.004288807042459129,-0.021320395167339037,0.00676371524519766,0.9993416691812826,0.028564333424007077,-0.0001827161498976971,0.0009249768007411746,0.0014222493346240435,0.0005739521728431777,0.0037266493108545798,-0.001106159961278194,1475,1530
-3.5252857820541625,-1.193661753835241,-0.004472822467999669,-0.02127633929754378,0.006728966865884491,0.9993391869247062,0.028691947784704904,-0.0002425082901265019,-4.217491798965128e-05,-0.0018269214122014772,-0.0012306959291048562,7.516830721506239e-05,-0.0005721520454889226,1475,1530
-3.5253603809228795,-1.1936940326111751,-0.004369524159361627,-0.021338108433984992,0.006686136387851775,0.9993377027491553,0.028707778958030502,0.000593301289171803,0.0005797366498046344,0.0011958160393231044,-0.004142606392640888,0.0028151760884544915,-0.0001972609075219972,1475,1530
-3.5250260425201914,-1.1938706453022563,-0.004371963105211747,-0.021313884524649024,0.00659350771285309,0.9993361915766571,0.02879965603219963,-0.00362975588318729,0.0032586257469891583,-0.0009609661196340198,-0.0020713611612967666,-0.0018757164219182925,-0.0026678755209917394,1475,1530
-3.524919897826024,-1.1938928613507545,-0.004384608460188254,-0.021241243583432524,0.006623428679135913,0.9993335888509871,0.028936446875311217,-0.0015969981791545255,0.00023799655099529404,-0.000261182683680133,0.0010464515569848952,-0.0021745731238623648,-0.004064607486789224,1474,1530
